0, 4.615890983007375
0.16666666666666785, 4.633093359901977
0.33333333333333215, 4.443111426928311
0.5000000000000036, 4.394976371850532
0.6666666666666679, 4.32335322484866
0.8333333333333321, 4.089375559293387
1, 3.9386406007466803
1.1666666666666714, 3.9619793926678426
1.3333333333333321, 3.978986685778949
1.5, 3.588545170489141
1.6666666666666679, 3.5258404648397743
1.8333333333333357, 3.3213756174155264
2, 2.9672911719605963
2.166666666666668, 2.8044997521913047
2.3333333333333286, 2.6273696271013307
2.5000000000000036, 2.636394616806058
2.666666666666668, 2.6395042971284965
2.8333333333333286, 2.6367152608872573
3, 2.638023974577834
3.166666666666668, 2.637466459674471
3.333333333333332, 2.637881658615896
3.4999999999999964, 2.6372740052254358
3.6666666666666607, 2.6377633786412957
3.833333333333332, 2.640470982174463
4, 2.6208933234692893
4.166666666666664, 2.755269806437269
4.333333333333329, 2.96981293352718
4.4999999999999964, 3.138461969590878
4.666666666666668, 3.3671265923881606
4.833333333333336, 3.7697209893515833
5, 4.507558941286106
5.166666666666668, 6.3114752236404
5.333333333333332, 8.295921925807193
5.5000000000000036, 10.04995595332474
5.666666666666664, 11.77075773268345
5.833333333333325, 13.873858991083267
6.0000000000000036, 17.5839656699751
6.166666666666668, 23.79143507504034
6.333333333333332, 30.2579589031142
6.4999999999999964, 36.73287603636132
6.666666666666661, 43.03913893985788
6.833333333333339, 49.48033068919652
7.0000000000000036, 57.692693267214
7.166666666666661, 67.8879636698527
7.333333333333339, 77.91119166066444
7.500000000000011, 87.77933817703688
7.666666666666668, 97.93191977046482
7.833333333333339, 108.4235934423796
8.000000000000004, 116.80478922619342
8.166666666666668, 122.68073332176982
8.332501115952876, 128.83587124671357
8.49791945654884, 135.66056122691128
8.66084114500342, 145.31146088006534
8.832639818849618, 141.80872068771765
9.00000000000001, 138.646034668217
9.165973152182953, 134.7922094945805
9.333333333333332, 129.31779394887076
9.499999999999996, 124.76968443141146
9.666666666666675, 120.23937509805683
9.833333333333332, 115.44843329984954
10.000000000000004, 109.18402643883408
10.166666666666668, 103.36156695105163
10.333333333333332, 97.57849754056865
10.499999999999996, 91.75306011931808
10.66666666666666, 86.05720216013519
10.833333333333325, 80.43090861833483
10.99999999999999, 75.88006022790425
11.166666666666654, 73.22245770926989
11.333333333333325, 70.80034828933036
11.500000000000004, 68.18205438271957
11.666666666666668, 65.46625984354175
11.833333333333332, 62.99100345335924
11.99999999999999, 61.529419627732594
12.166666666666654, 61.044524738627516
12.333333333333325, 60.264956001904494
12.49999999999999, 59.663268821685705
12.666666666666647, 59.2452828894117
12.833333333333318, 58.977722578029315
12.99999999999999, 58.86787838406046
13.166666666666647, 58.49199809977176
13.333333333333318, 57.680307496939946
13.499999999999982, 56.9232704635363
13.666666666666654, 55.970185100879334
13.833333333333325, 55.0656090948215
13.999999999999982, 53.74742489245476
14.166666666666654, 52.043240718491376
14.333333333333318, 50.39890083348652
14.499999999999982, 48.90431346984953
14.666666666666647, 47.377594789910006
14.83333333333331, 45.85420578248255
14.999999999999982, 44.48470708780721
15.166666666666647, 43.33310426098873
15.33333333333331, 42.09552821169643
15.499999999999982, 40.72863231039429
15.66666666666664, 39.436083135853494
15.833333333333318, 38.35055754147507
15.999999999999975, 37.406101754754474
16.166666666666647, 36.07787504935453
16.33333333333331, 34.91156954292782
16.499999999999982, 33.64680611261545
16.666666666666647, 32.38296423119985
16.833333333333304, 31.270214677704217
16.99999999999999, 30.133108446279437
17.166666666666654, 28.984809799234995
17.333333333333318, 27.647701109902243
17.499999999999982, 26.47308591038083
17.666666666666647, 25.36633520485114
17.833333333333332, 24.16265877935973
17.99999999999999, 23.211476193511913
18.16666666666666, 22.398998352059323
18.333333333333325, 21.233264176089335
18.499999999999996, 20.292341757065003
18.66666666666666, 19.33247819274567
18.833333333333318, 18.52640198709932
18.999999999999996, 17.783937282260126
19.166666666666675, 17.023164698699333
19.333333333333332, 16.25047412048727
19.499999999999996, 15.51782030554321
19.666666666666668, 14.957210946545615
19.833333333333332, 14.3720912167976
19.999999999999996, 13.983380154823521
20.166666666666668, 13.474629668549568
20.33333333333334, 12.950077591168366
20.50000000000001, 12.679225920772438
20.666666666666675, 12.47430555369749
20.83333333333334, 12.070360859724843
21.00000000000001, 11.669063713935401
21.16666666666669, 11.669649730810107
21.333333333333346, 11.392079006819642
21.50000000000001, 11.066422942153451
21.666666666666675, 10.93824673393138
21.833333333333353, 10.677463771185927
22.000000000000018, 10.305303152106177
22.166666666666682, 10.125502662657738
22.333333333333353, 9.762825308408281
22.500000000000025, 9.369390154188494
22.666666666666696, 8.99589878799722
22.833333333333353, 8.612138171803906
23.000000000000032, 8.23747788610919
23.16666666666669, 7.848249126632595
23.33333333333336, 7.473882977088181
23.500000000000025, 7.289535933517527
23.66666666666669, 6.9533725061582174
23.833333333333368, 6.523593007592382
24.000000000000032, 6.279997191084476
24.166666666666696, 6.020718005404149
24.333333333333382, 5.663886261344572
24.50000000000004, 5.479010475417141
24.666666666666703, 5.08973950872371
24.833333333333368, 4.8735645317511285
25.00000000000004, 4.699715169255086
25.16666666666671, 4.503135885076858
25.333333333333375, 4.315375055602743
25.50000000000004, 4.124736542922648
25.666666666666703, 3.9350040407013864
25.833333333333382, 3.745029157604449
26.000000000000046, 3.5540037926366495
26.166666666666703, 3.3698197942492527
26.333333333333382, 3.1569593902403597
26.500000000000053, 3.0580185391407895
26.666666666666718, 3.0837984843088293
26.83333333333339, 3.0730830721200846
27.00000000000006, 3.078152915140862
27.166666666666725, 3.102828913956955
27.333333333333396, 2.748187239977824
27.500000000000053, 2.55365632275749
27.666666666666718, 2.8522882574043535
27.83333333333339, 3.1247241868035474
28.00000000000006, 3.059269340357247
28.166666666666725, 3.0872788085496836
28.333333333333403, 3.283964436998133
28.500000000000075, 3.431419970922832
28.666666666666732, 3.9686871118938143
28.833333333333396, 4.330914131953591
29.000000000000075, 5.150474551853307
29.16666666666674, 6.89353346823944
29.333333333333403, 8.852262054789009
29.500000000000075, 11.148580993664865
29.666666666666732, 13.12312342427839
29.83333333333341, 14.76391337709046
30.000000000000068, 19.28717171665761
30.16666666666674, 26.14725940789333
30.33333333333341, 33.20684085009947
30.50000000000009, 40.20292720081119
30.666666666666746, 47.02358692351058
30.833333333333417, 54.15283640442827
31.00000000000008, 63.12256184949538
31.166666666666746, 73.25687597538466
31.33333333333341, 83.56191085703628
31.500000000000075, 93.79288968482517
31.666666666666753, 104.08830357825936
31.83333333333343, 114.29449344965508
32.000000000000085, 123.05374746013655
32.16666666666676, 128.43697538022306
32.333333333333414, 133.32510993463842
32.49611631889124, 143.2002860141931
32.660008927623025, 149.94460794676274
32.8291722464311, 147.06329871554618
32.99986129710332, 139.0107263445198
33.16666666666673, 132.83016532342535
33.3333333333334, 127.10563782045205
33.50000000000007, 121.42986421898286
33.66666666666673, 115.7615168905092
33.833333333333385, 109.86657771070682
34.00000000000006, 103.753148823984
34.166666666666714, 97.65452590166073
34.333333333333385, 91.36276528271063
34.50000000000004, 85.07997251906517
34.666666666666714, 79.0412373612064
34.83333333333337, 72.75495188013423
35.00000000000004, 68.61822309691186
35.166666666666714, 66.23481699483489
35.33333333333337, 63.829995426281855
35.50000000000003, 61.75183862554093
35.6666666666667, 59.26444603927854
35.83333333333337, 56.869216665306354
36.000000000000014, 55.605234195475006
36.1666666666667, 55.13435926612121
36.33333333333336, 54.76204278629368
36.50000000000003, 54.42971281326969
36.666666666666686, 54.26858686756502
36.83333333333336, 54.293203215075735
37.000000000000014, 54.707184351893076
37.166666666666686, 54.473280055628805
37.33333333333334, 53.886189320190226
37.500000000000014, 53.35774172100925
37.66666666666667, 52.66321274207881
37.83333333333334, 51.63085724410875
38, 50.4820021457939
38.16666666666667, 49.339945209860645
38.33333333333333, 48.229198045005205
38.5, 46.89306761894679
38.66666666666664, 45.79374276562392
38.83333333333333, 44.81932624048328
38.999999999999986, 43.62550918678936
39.16666666666666, 42.52354680137398
39.333333333333314, 41.580897897578495
39.499999999999986, 40.44007026288736
39.66666666666664, 39.436448324798135
39.8333333333333, 38.53902891998828
39.99999999999996, 37.460627405596995
40.16666666666664, 36.38088567500864
40.333333333333286, 35.41572553740832
40.49999999999996, 34.26696050020536
40.66666666666663, 33.31996257378901
40.833333333333286, 32.24504104321082
40.99999999999996, 30.899754017787473
41.16666666666663, 29.78274329659311
41.333333333333286, 28.83161694636786
41.49999999999996, 27.602028448164816
41.666666666666615, 26.279404570476004
41.833333333333286, 25.145882977725194
41.99999999999994, 23.993920504291225
42.166666666666615, 22.998774279465692
42.33333333333326, 22.066535309051687
42.49999999999994, 21.113597440878465
42.666666666666586, 20.157120210367424
42.83333333333327, 19.222779144017125
42.99999999999993, 18.475885892508614
43.166666666666586, 17.918796716859788
43.33333333333326, 17.16636265139516
43.49999999999993, 16.555317831593015
43.666666666666586, 15.866069189819825
43.83333333333326, 15.22578790757683
43.999999999999915, 14.849280987113957
44.166666666666586, 14.269818753115658
44.33333333333324, 13.903085726262873
44.499999999999915, 13.321599618946465
44.66666666666657, 13.032912477519517
44.83333333333323, 12.794114897300972
44.9999999999999, 12.330673439580636
45.16666666666657, 12.077733616051404
45.33333333333323, 12.069910805342545
45.4999999999999, 11.672128507315847
45.66666666666656, 11.459226090824359
45.833333333333215, 11.290341896184799
45.999999999999886, 11.076804311372683
46.16666666666654, 10.94105765573454
46.333333333333215, 10.605319288792117
46.499999999999886, 10.058099016402991
46.66666666666654, 9.892125929039594
46.833333333333215, 9.517038515260822
46.99999999999986, 9.150027381074295
47.16666666666654, 8.623323487712867
47.3333333333332, 8.124319878484272
47.49999999999987, 7.793761472464894
47.66666666666653, 7.3615437306632145
47.83333333333319, 6.78605080449168
47.999999999999844, 6.400462636040828
48.16666666666653, 6.206167191019517
48.33333333333317, 5.925522951169
48.49999999999986, 5.333714092277148
48.666666666666515, 5.021264987096231
48.83333333333319, 5.005106780293744
48.999999999999844, 4.559402085289435
49.166666666666515, 4.18347821900818
49.33333333333317, 4.1791645423082
49.499999999999844, 4.040461271989358
49.6666666666665, 3.834546228513318
49.83333333333317, 3.627693435168851
49.999999999999815, 3.5085075385621565
50.1666666666665, 3.501733138725939
50.333333333333144, 3.2940622904339705
50.499999999999844, 3.0924117092776555
50.66666666666649, 3.068200197472322
50.83333333333317, 3.0817387058712598
50.999999999999815, 3.0730715000195516
51.1666666666665, 3.0859743121027066
51.333333333333144, 3.0592544450431944
51.49999999999983, 3.0956410400137315
51.66666666666647, 3.492725800052085
51.83333333333316, 3.540847495931388
51.99999999999979, 3.488440001147353
52.16666666666649, 3.620335612489555
52.33333333333313, 3.813740454609416
52.4999999999998, 4.039115327525053
52.66666666666646, 4.459703640332577
52.83333333333313, 5.036742710599583
52.99999999999979, 5.895447245979142
53.16666666666647, 7.68082032961064
53.333333333333115, 9.459579209072217
53.49999999999979, 11.369466570297817
53.666666666666444, 13.352778833984388
53.833333333333115, 15.098441031466137
53.99999999999977, 18.616844873210027
54.166666666666444, 25.465981862822048
54.33333333333309, 31.888273416102464
54.49999999999977, 38.209569557214905
54.666666666666416, 44.68658789369458
54.8333333333331, 51.28842921039042
54.99999999999976, 59.344729853209614
55.16666666666643, 69.48380438555506
55.33333333333309, 79.93851140649068
55.49999999999976, 90.04153740168461
55.6666666666664, 100.12523430052485
55.83333333333309, 110.80773582730215
55.99999999999973, 118.89417521416713
56.166666666666416, 123.97183786736129
56.32764651456657, 135.86643110203232
56.490152094330924, 145.74535064036934
56.662921688454304, 143.0597077065479
56.83319463043634, 138.89834136501992
56.99999999999973, 135.12060305228195
57.1666666666664, 130.08075243722956
57.33333333333306, 124.62778741262208
57.499999999999744, 119.14395171709864
57.66666666666637, 113.84378651238146
57.83333333333306, 108.36977289060883
57.9999999999997, 102.13257673770381
58.16666666666639, 96.13633532736749
58.333333333333044, 90.14836494669186
58.499999999999716, 84.17129515322691
58.66666666666639, 78.15546149001277
58.833333333333044, 72.23777846634745
58.9999999999997, 68.50592277445162
59.16666666666637, 66.34244524925835
59.33333333333303, 64.3310534000772
59.4999999999997, 62.0930576091866
59.66666666666636, 59.82099150012914
59.83333333333303, 57.966324468795946
59.99999999999969, 57.087021984678344
60.16666666666636, 56.92830512343343
60.33333333333303, 56.34780250420354
60.49999999999969, 56.08624996759819
60.666666666666345, 55.909576477162375
60.83333333333303, 55.815960382735426
60.99999999999967, 55.80833925767473
61.16666666666636, 55.50882607279114
61.333333333333, 54.91540756955604
61.49999999999969, 54.35127596324632
61.66666666666633, 53.628400577022646
61.833333333333, 52.71841887432937
61.99999999999966, 51.70025740907211
62.16666666666633, 50.34184299517055
62.333333333333, 48.88313742735288
62.49999999999967, 47.78580550295672
62.666666666666316, 46.64047144727334
62.83333333333299, 45.54053030232848
62.999999999999645, 44.02105203100176
63.16666666666633, 42.869498693523326
63.33333333333299, 41.89456317855809
63.499999999999645, 40.72692068967615
63.6666666666663, 39.56102893228871
63.83333333333297, 38.22110999162274
63.99999999999963, 37.065535716842476
64.16666666666632, 36.119034311240114
64.33333333333297, 35.0412811396954
64.49999999999964, 33.879335508883514
64.6666666666663, 32.745159833143276
64.83333333333299, 31.607038149385716
64.99999999999964, 30.462424810240236
65.16666666666634, 29.3168757605535
65.333333333333, 28.366848734216234
65.49999999999967, 27.286448993918782
65.66666666666633, 26.10243713460187
65.83333333333302, 25.052675796996397
65.99999999999969, 24.12857802949236
66.16666666666636, 23.165388230662444
66.33333333333303, 22.218720135913628
66.4999999999997, 21.46685464839942
66.66666666666637, 20.544034663094806
66.83333333333304, 19.671497100258023
66.99999999999972, 19.064454821886585
67.16666666666639, 18.42238767975084
67.33333333333307, 17.687087114581857
67.49999999999973, 17.119597660116767
67.6666666666664, 16.33717388092714
67.83333333333307, 15.95280321125145
67.99999999999974, 15.276792292332999
68.1666666666664, 14.686394561170545
68.33333333333309, 14.36050264647767
68.49999999999976, 13.981382479015565
68.66666666666643, 13.57773329280164
68.8333333333331, 12.996182772928705
68.99999999999977, 12.770216796084895
69.16666666666644, 12.629796689867305
69.33333333333312, 12.294403804534255
69.4999999999998, 11.959326195234013
69.66666666666646, 11.867561056255283
69.83333333333314, 11.85439688164746
69.99999999999979, 11.651020796585527
70.16666666666647, 11.45604012637861
70.33333333333314, 11.28938438978318
70.49999999999982, 10.966120592778907
70.66666666666649, 10.568511185495709
70.83333333333317, 10.189107119408106
70.99999999999983, 9.819888102259341
71.1666666666665, 9.42531153983009
71.33333333333317, 8.84681914980257
71.49999999999984, 8.441668051314736
71.66666666666653, 8.076940423085091
71.83333333333319, 7.690848244716591
71.99999999999986, 7.312819764425512
72.16666666666652, 6.932629471409513
72.3333333333332, 6.552284667188047
72.49999999999987, 6.172229724156921
72.66666666666654, 5.7976882608727465
72.83333333333321, 5.38835175847791
72.99999999999989, 5.160995332372693
73.16666666666656, 4.88095328602455
73.33333333333324, 4.530651278493849
73.4999999999999, 4.36879435210497
73.66666666666657, 4.174257872366212
73.83333333333324, 3.9831900065172476
73.99999999999991, 3.799223465939434
74.16666666666657, 3.585942379493048
74.33333333333327, 3.4980528977752385
74.49999999999994, 3.524096235928397
74.6666666666666, 3.5109233688716017
74.83333333333329, 3.5218533720238554
74.99999999999994, 3.5359868890563746
75.16666666666663, 3.152494882647801
75.33333333333327, 3.0566892692158376
75.49999999999996, 3.044344957993843
75.66666666666663, 3.2305850783090193
75.8333333333333, 3.5628551068783736
75.99999999999999, 3.505640530496464
76.16666666666666, 3.5128582270257596
76.3333333333333, 3.7062086807149512
76.49999999999999, 3.842062674544792
76.66666666666664, 4.3551354260664255
76.83333333333333, 4.706853875857263
77.00000000000001, 5.554338977286164
77.16666666666669, 7.625481388603561
77.33333333333333, 9.502640050911594
77.50000000000001, 11.589507420597272
77.66666666666667, 13.59976216004327
77.83333333333334, 15.24432734405272
78.00000000000004, 19.916010620325835
78.16666666666669, 26.841425195336114
78.33333333333337, 33.219936816557805
78.50000000000004, 39.90367268985921
78.66666666666671, 46.36095283751081
78.8333333333334, 52.93204662175408
79.00000000000006, 61.93667354069133
79.16666666666674, 72.31166810140176
79.3333333333334, 82.23427592922226
79.50000000000009, 92.02532902224056
79.66666666666673, 102.34989664780636
79.83333333333341, 112.17949731844519
80.0000000000001, 120.39562158698985
80.16666666666676, 126.09616136782125
80.33333333333344, 131.15312881409815
80.5000000000001, 136.82501082595155
80.66666666666679, 140.66646571812612
80.83333333333343, 139.97539969601422
81.00000000000011, 135.84600346582218
81.16666666666679, 130.52413201537803
81.33333333333344, 125.1947664456082
81.50000000000013, 119.8424441419025
81.6666666666668, 114.68034753066084
81.83333333333348, 108.81405489215845
82.00000000000013, 102.43276377382614
82.16666666666683, 96.78643524924085
82.3333333333335, 90.67998389325687
82.50000000000014, 84.94902079974408
82.66666666666684, 79.18393961235817
82.83333333333348, 73.11626468277453
83.00000000000017, 69.17667778889054
83.16666666666683, 67.27820965537592
83.33333333333351, 64.90709488827126
83.50000000000018, 62.64210011183515
83.66666666666686, 60.37231138064138
83.83333333333354, 58.11983350233372
84.00000000000018, 56.9282733995002
84.16666666666687, 56.50682065191843
84.33333333333351, 56.12302456493775
84.50000000000023, 55.76253017798243
84.66666666666687, 55.611672949922465
84.83333333333356, 55.800947734712665
85.00000000000023, 56.0481203212279
85.16666666666688, 55.82649502947909
85.33333333333358, 55.271399066881585
85.50000000000024, 54.728685649901436
85.66666666666691, 54.0735051329239
85.8333333333336, 53.06444822567421
86.00000000000026, 51.92090846085276
86.16666666666694, 50.774958304735094
86.33333333333358, 49.663376121094686
86.50000000000026, 48.37712038199463
86.66666666666696, 47.11266967256209
86.83333333333361, 46.019743606379095
87.0000000000003, 44.836172206437084
87.16666666666696, 43.49912304745908
87.33333333333363, 42.342570744832244
87.5000000000003, 41.39979270307319
87.66666666666697, 40.30402672566436
87.83333333333364, 39.2304584295413
88.0000000000003, 38.355858737555224
88.166666666667, 37.289315023668394
88.33333333333364, 35.96383888301082
88.50000000000034, 35.03090767960808
88.66666666666698, 33.890717307963286
88.83333333333367, 32.93087752881053
89.00000000000034, 31.75067800186892
89.16666666666701, 30.45282715265597
89.33333333333368, 29.350104701767094
89.50000000000036, 28.203391650456155
89.66666666666703, 27.064239953032995
89.83333333333368, 25.911217165379583
90.00000000000037, 24.92845428296701
90.16666666666704, 23.994182730890458
90.33333333333371, 23.037773312651467
90.50000000000038, 22.09236619806765
90.66666666666706, 21.136179801915006
90.83333333333373, 20.192517956295802
91.0000000000004, 19.421049387079222
91.16666666666707, 18.852194434678978
91.33333333333374, 18.158563017299855
91.50000000000041, 17.354409342028163
91.66666666666707, 16.676161280188666
91.83333333333374, 16.12979103618602
92.00000000000043, 15.551367661832842
92.1666666666671, 14.979098135140532
92.33333333333375, 14.578980151677257
92.50000000000045, 14.242930779814202
92.6666666666671, 13.695119843127657
92.8333333333338, 13.27314642742462
93.00000000000044, 13.153022408818089
93.16666666666713, 12.916819815000764
93.33333333333381, 12.531365804301373
93.50000000000047, 12.333981011278354
93.66666666666714, 12.155567314185305
93.8333333333338, 11.952476358227784
94.0000000000005, 11.792715245420055
94.16666666666714, 11.514621729649605
94.33333333333383, 11.15945064844766
94.50000000000051, 10.97722629700175
94.66666666666717, 10.595602478338776
94.83333333333383, 10.208467144430301
95.0000000000005, 9.83286139876654
95.16666666666718, 9.451161358271094
95.33333333333385, 9.071799295385858
95.50000000000053, 8.69169321028835
95.66666666666721, 8.311794406092076
95.83333333333387, 7.931850993283575
96.00000000000054, 7.55181215230121
96.1666666666672, 7.172386758811115
96.33333333333388, 6.790422290948271
96.50000000000057, 6.417044552793442
96.66666666666724, 6.019448827572319
96.83333333333391, 5.675582305638642
97.00000000000057, 5.493154927033743
97.16666666666723, 5.125573885574255
97.33333333333391, 4.68388348356018
97.50000000000058, 4.629842177501359
97.66666666666727, 4.440948984923239
97.83333333333393, 4.072388054609831
98.00000000000061, 3.922692769235965
98.16666666666725, 3.7215817956025035
98.33333333333395, 3.5259950983721637
98.50000000000061, 3.512146675541004
98.6666666666673, 3.507391392061379
98.83333333333395, 3.561386938585457
99.00000000000063, 3.357610857091288
99.1666666666673, 3.0411513720579535
99.33333333333397, 3.0746847365915073
99.50000000000063, 3.070236856215729
99.6666666666673, 3.457625368491591
99.83333333333397, 3.549138001744666
100.00000000000067, 3.493902104374456
100.16666666666733, 3.575547701150782
100.33333333333401, 3.863639081312442
100.50000000000064, 4.2235650420852835
100.66666666666735, 4.4011366180837115
100.83333333333401, 4.760457339868282
101.0000000000007, 5.566516549250622
101.16666666666737, 7.105272157651882
101.33333333333402, 8.862264329688799
101.5000000000007, 10.598224642225091
101.66666666666737, 12.203942157009095
101.83333333333404, 14.074735835524734
102.0000000000007, 18.270150335895806
102.16666666666738, 24.44801392001716
102.33333333333407, 30.61589153247735
102.5000000000007, 36.80147326162205
102.66666666666738, 42.982632354252104
102.83333333333404, 49.60406671442401
103.00000000000078, 57.9942302974451
103.16666666666741, 67.74921786888282
103.3333333333341, 77.44440153814794
103.50000000000072, 87.15282866564809
103.66666666666744, 96.70714855997647
103.8333333333341, 106.86844780214115
104.00000000000078, 115.07804555206914
104.16666666666744, 119.84852506016719
104.33333333333412, 125.06688628476304
104.50000000000078, 130.07727424281842
104.66666666666747, 133.11043719108272
104.8333333333341, 132.9359498617363
105.00000000000084, 128.9043801069833
105.16666666666744, 123.23392753724684
105.33333333333415, 118.02502139697219
105.50000000000081, 112.65931061275154
105.6666666666675, 107.14195008210035
105.83333333333415, 101.84354528538411
106.00000000000087, 96.2101609940907
106.16666666666747, 90.59897987437078
106.33333333333418, 85.10785697318717
106.50000000000084, 79.63303518889585
106.6666666666675, 74.03924808145969
106.83333333333415, 68.58372311607388
107.00000000000087, 65.42610273278737
107.16666666666752, 63.26617191930936
107.33333333333424, 61.34949235620941
107.50000000000084, 59.375641706381984
107.66666666666755, 57.216973908658716
107.83333333333421, 55.23470352918915
108.0000000000009, 54.03274377748494
108.16666666666755, 53.6689759389765
108.33333333333424, 53.123091653607645
108.5000000000009, 52.65857439419422
108.66666666666758, 52.38628890563257
108.83333333333424, 52.32139505238051
109.00000000000092, 52.25584515509716
109.16666666666758, 51.811581302238025
109.33333333333427, 51.23836958948871
109.50000000000092, 50.678878570766955
109.66666666666761, 49.97332942055806
109.8333333333343, 49.089806588069365
110.00000000000095, 48.052870548529285
110.16666666666761, 46.834048439287685
110.3333333333343, 45.48773959866328
110.50000000000098, 44.16064289669177
110.66666666666764, 42.83109312255223
110.8333333333343, 41.50028149581095
111.00000000000095, 40.173433526107374
111.16666666666767, 38.8339697026945
111.33333333333432, 37.532208908697754
111.50000000000098, 36.13565716412552
111.66666666666767, 34.63506872870818
111.83333333333432, 33.51140129450286
112.00000000000101, 32.17534144716586
112.16666666666767, 31.11311192116321
112.33333333333435, 30.235087001507225
112.50000000000101, 29.166558630747033
112.6666666666677, 28.064101338794245
112.83333333333432, 27.130150360546423
113.00000000000104, 26.179027589557506
113.1666666666677, 25.42280629451352
113.33333333333438, 24.520984475660043
113.50000000000104, 23.528031522559473
113.6666666666677, 22.68134753432119
113.83333333333438, 21.94105093549797
114.0000000000011, 21.179114725322904
114.16666666666772, 20.41692085294872
114.33333333333444, 19.64496452920511
114.50000000000107, 19.07687928147675
114.66666666666775, 18.35512949088701
114.83333333333441, 17.688718541003652
115.0000000000011, 17.119274505993644
115.16666666666772, 16.61492660695575
115.33333333333444, 16.208977290066173
115.50000000000112, 15.429063858500399
115.66666666666775, 15.028738596276753
115.83333333333444, 14.524868707810924
116.00000000000112, 13.931932523099647
116.16666666666778, 13.353969158223379
116.33333333333447, 12.832166534695176
116.50000000000112, 12.481275241641981
116.66666666666781, 12.094312097751697
116.8333333333345, 11.521951402489691
117.00000000000118, 11.077306421738825
117.16666666666781, 10.872958248312926
117.3333333333345, 10.58604051106758
117.50000000000115, 10.218219701442422
117.66666666666781, 10.118558626323988
117.8333333333345, 10.099139146424733
118.00000000000115, 9.70002423344377
118.16666666666784, 9.665593382088446
118.33333333333455, 9.555303367575902
118.50000000000118, 9.33375274248371
118.6666666666679, 9.155595731451598
118.83333333333455, 8.958817844094568
119.00000000000121, 8.776048685963985
119.16666666666787, 8.58789248022046
119.33333333333455, 8.205390636617466
119.50000000000121, 7.962969370398099
119.6666666666679, 7.81456671637622
119.83333333333455, 7.533957008413324
120.00000000000124, 7.1144684931987
120.1666666666679, 6.776872942282665
120.33333333333458, 6.592542395456263
120.50000000000124, 6.216494356046752
120.66666666666792, 5.834842319350685
120.83333333333461, 5.4283812207272035
121.00000000000126, 5.1761824177332585
121.16666666666795, 4.923147306030842
121.33333333333461, 4.554326498761128
121.50000000000124, 4.385984612779026
121.66666666666795, 4.195113116781897
121.83333333333461, 4.002123326984076
122.0000000000013, 3.819478992196707
122.16666666666795, 3.6060052008795367
122.33333333333461, 3.4991498898730526
122.50000000000126, 3.5190759440290833
122.66666666666798, 3.5194918453824187
122.83333333333464, 3.5197703960180604
123.00000000000132, 3.343296431473675
123.16666666666798, 3.122535308923574
123.33333333333466, 3.0625071335745417
123.50000000000132, 3.081846665014723
123.66666666666801, 3.0760888135385187
123.83333333333466, 3.077459668904879
124.00000000000132, 3.0772621942182923
124.16666666666801, 3.07744173820646
124.33333333333469, 3.076052603583065
124.50000000000135, 3.0822892076117796
124.66666666666804, 3.0602674556721468
124.83333333333469, 3.1338448171001403
125.00000000000138, 3.3456030209380287
125.16666666666801, 3.5322080132563656
125.33333333333472, 3.723696623560329
125.50000000000138, 3.8963328982427754
125.66666666666809, 4.237916222339464
125.83333333333475, 4.6204202716075145
126.0000000000014, 5.05389723827011
126.16666666666806, 5.718624140640571
126.33333333333475, 6.461859210372836
126.5000000000014, 7.021806526456174
126.66666666666809, 7.764725666279816
126.83333333333475, 8.659247900463129
127.00000000000144, 9.844696952339945
127.16666666666809, 11.337657069054814
127.33333333333478, 12.782218712776626
127.50000000000146, 14.136366905146616
127.66666666666812, 15.65977004320061
127.8333333333348, 16.972927145614477
128.00000000000145, 18.533886897647363
128.1666666666681, 19.586078256105907
128.3333333333348, 20.75580125564187
128.50000000000142, 21.936545826344826
128.66666666666808, 22.97657831538814
128.83333333333474, 24.256166439961504
129.00000000000136, 24.597013475378134
129.16666666666805, 25.15964826112102
129.33333333333474, 25.48386742454639
129.50000000000136, 25.442116179426222
129.66666666666802, 25.022638074236113
129.83333333333468, 24.485120109192195
130.0000000000013, 24.106293005480808
130.16666666666802, 23.52093567239544
130.33333333333465, 22.952292159051268
130.5000000000013, 22.36455115984657
130.66666666666796, 21.925350246472647
130.83333333333462, 21.56576266679872
131.00000000000128, 21.17989860798815
131.16666666666794, 20.800626245822883
131.3333333333346, 20.421570674688667
131.50000000000122, 20.044121784080232
131.6666666666679, 19.639388018456543
131.83333333333456, 19.4337432318502
132.00000000000122, 19.119758261263428
132.16666666666788, 18.814147084567452
132.33333333333454, 18.595534794249403
132.50000000000122, 18.20877905506859
132.66666666666788, 18.029068574463594
132.83333333333454, 17.867162076859984
133.0000000000012, 17.469056754613604
133.16666666666785, 17.350676210544123
133.33333333333448, 17.28966841989356
133.50000000000117, 17.11234200437744
133.6666666666678, 17.162477871042
133.83333333333445, 17.14142465609808
134.00000000000108, 16.746978896129264
134.16666666666777, 16.67633655798366
134.33333333333442, 16.733168499835557
134.50000000000108, 16.618524503202792
134.66666666666774, 16.403669448564813
134.8333333333344, 16.232700775745656
135.00000000000108, 16.022241461349466
135.1666666666677, 15.632196351808773
135.33333333333437, 15.438119000555531
135.50000000000102, 15.11661216036103
135.66666666666768, 14.711025197474328
135.83333333333434, 14.345802546353355
136.00000000000097, 13.94624472541841
136.16666666666765, 13.598345410568129
136.3333333333343, 13.416005008390272
136.50000000000097, 13.033103137014507
136.66666666666762, 12.798815670758302
136.83333333333428, 12.629566023517242
137.00000000000094, 12.43149625706178
137.16666666666757, 12.245628325422814
137.33333333333428, 12.051149151821818
137.5000000000009, 11.865191166502427
137.66666666666757, 11.690719506989694
137.83333333333425, 11.284026280298121
138.00000000000088, 11.219105090799161
138.1666666666675, 11.030917302563239
138.3333333333342, 10.652071880258774
138.50000000000085, 10.536847847784088
138.6666666666675, 10.558023522205417
138.83333333333417, 10.566269941110875
139.00000000000082, 10.179363960388912
139.16666666666748, 10.089760316451304
139.33333333333414, 10.051981078422841
139.50000000000082, 9.690597517971923
139.66666666666745, 9.432482283150904
139.8333333333341, 9.427605024308946
140.00000000000077, 9.018211612745091
140.16666666666742, 8.60266924366502
140.33333333333408, 8.585220472218623
140.5000000000007, 8.36751030529095
140.6666666666674, 7.882192105780462
140.83333333333402, 7.6864044752463485
141.0000000000007, 7.644490477903531
141.16666666666734, 7.238069082806533
141.333333333334, 7.048729404100186
141.50000000000068, 6.874230456375699
141.6666666666673, 6.650020357658832
141.833333333334, 6.593317443716302
142.00000000000065, 6.541902930468126
142.1666666666673, 6.3112954655393025
142.33333333333397, 6.146782529024222
142.5000000000006, 6.152953446998396
142.66666666666728, 6.158707188927224
142.8333333333339, 6.141317434498376
143.0000000000006, 6.2009412623346805
143.16666666666725, 5.9808992986071985
143.3333333333339, 5.67054839457785
143.50000000000057, 5.722967564709023
143.66666666666723, 5.714842745550413
143.83333333333388, 5.713857702942022
144.00000000000054, 5.71663429552018
144.1666666666672, 5.709766850898632
144.33333333333385, 5.731354941348428
144.50000000000054, 5.6622683082018455
144.66666666666717, 5.448847213952433
144.83333333333383, 5.264724721919748
145.00000000000048, 5.077292749705123
145.1666666666671, 4.857239939157921
145.3333333333338, 4.86882420657048
145.50000000000045, 4.6182809990733915
145.6666666666671, 4.337827457524128
145.83333333333377, 4.430171112031871
146.00000000000043, 4.360590415973292
146.16666666666708, 3.965676665581583
146.33333333333374, 3.943985060406334
146.5000000000004, 3.951785070727624
146.66666666666708, 4.000206912138282
146.83333333333374, 3.7765749277139946
147.00000000000037, 3.4716372028768205
147.16666666666706, 3.5252480996375084
147.33333333333366, 3.516625526680059
147.50000000000034, 3.5180319475606154
147.666666666667, 3.5058133015340616
147.83333333333363, 3.564053448957708
148.0000000000003, 3.3103756213791655
148.16666666666697, 3.0302906244530163
148.33333333333363, 3.087562366718174
148.50000000000028, 3.076055198512819
148.6666666666669, 3.0768239196238767
148.8333333333336, 3.077889886856127
149.00000000000026, 3.0758852092909876
149.16666666666694, 3.0816717373538722
149.33333333333357, 3.064127909123755
149.50000000000023, 3.112751303864087
149.66666666666688, 3.3307233518141572
149.83333333333354, 3.515450314934128
150.0000000000002, 3.5092455580402486
150.16666666666686, 3.6592476709635378
150.3333333333335, 3.8686349320874456
150.50000000000017, 4.049606283105902
150.66666666666683, 4.24764043424949
150.83333333333348, 4.424215144349205
151.00000000000017, 4.628001815667091
151.1666666666668, 5.021269976084028
151.33333333333346, 5.196985540747505
151.5000000000001, 5.670169361821564
151.66666666666677, 6.187486847973219
151.83333333333343, 6.494598518656602
152.00000000000009, 6.97587474134275
152.16666666666674, 7.767727054297751
152.3333333333334, 8.523732495418415
152.50000000000006, 9.300565391281282
152.66666666666669, 9.89708624056442
152.83333333333337, 10.538815598533148
153.00000000000003, 11.4400812905765
153.16666666666669, 12.33268395228555
153.33333333333334, 13.100683678980516
153.5, 14.062698991958342
153.66666666666666, 14.846530011529353
153.83333333333334, 15.40560302358324
153.99999999999997, 16.135817757612415
154.16666666666663, 16.749447254976815
154.33333333333326, 16.983304524194153
154.49999999999994, 17.22178186364519
154.6666666666666, 17.594990984846163
154.83333333333326, 17.59165520651473
154.99999999999991, 17.57646650416143
155.16666666666657, 17.598532537518906
155.33333333333323, 17.513892070810698
155.4999999999999, 17.199815618934736
155.66666666666654, 16.863219124849962
155.8333333333332, 16.674861609258272
155.99999999999986, 16.28494044310645
156.16666666666654, 15.901105057343216
156.33333333333317, 15.524400129054271
156.4999999999998, 15.143384761522043
156.6666666666665, 14.762520697062513
156.83333333333314, 14.386362749396397
156.99999999999977, 13.998481535816296
157.16666666666646, 13.62474717937289
157.33333333333312, 13.431701857414083
157.49999999999977, 13.246883659748619
157.66666666666643, 13.061141838981882
157.8333333333331, 12.84509435024006
157.99999999999974, 12.742529960274737
158.1666666666664, 12.724537101306566
158.3333333333331, 12.513775427078457
158.49999999999974, 12.324938258101554
158.66666666666637, 12.136680972212673
158.83333333333303, 11.944941026037014
158.9999999999997, 11.758169088006781
159.16666666666634, 11.559443961976228
159.33333333333297, 11.391410845788528
159.49999999999966, 11.162080804395657
159.66666666666632, 10.775601552577825
159.83333333333297, 10.787091503587988
159.99999999999963, 10.473231479559047
160.16666666666632, 10.17811008907762
160.33333333333294, 10.02901161534217
160.4999999999996, 9.812899598856234
160.6666666666663, 9.6592085038792
160.83333333333292, 9.671847214540435
160.99999999999957, 9.669775097097641
161.16666666666623, 9.687004199751925
161.3333333333329, 9.552596271640596
161.49999999999952, 9.33375473739352
161.6666666666662, 9.178121493163673
161.83333333333286, 8.917709162997511
161.99999999999952, 8.55880710062786
162.16666666666617, 8.57406106019016
162.3333333333328, 8.40656791018273
162.4999999999995, 8.205763563755227
162.66666666666615, 7.999781871074049
162.83333333333283, 7.8946976670579545
162.9999999999995, 7.915243129847937
163.16666666666612, 7.916164244526669
163.33333333333277, 7.914179426843106
163.49999999999943, 7.733728138317161
163.6666666666661, 7.518366841064193
163.83333333333272, 7.446417498966383
163.9999999999994, 7.518951759759034
164.16666666666606, 7.348853228280632
164.33333333333272, 7.00025457901458
164.49999999999937, 7.035547688536923
164.66666666666603, 7.0298323038902595
164.8333333333327, 7.073570415797519
164.99999999999935, 6.7474850468688885
165.16666666666603, 6.5495543382251356
165.33333333333266, 6.6065970358679635
165.49999999999932, 6.59182074648956
165.66666666666595, 6.593728502897449
165.83333333333263, 6.592860572431647
165.99999999999926, 6.608755083683974
166.16666666666595, 6.4545612313798415
166.3333333333326, 6.257924945750091
166.49999999999926, 6.042157454520179
166.66666666666592, 5.939110000413024
166.83333333333258, 5.897846064262438
166.99999999999923, 5.49438887135949
167.1666666666659, 5.28209792322167
167.33333333333255, 5.290154338622983
167.4999999999992, 5.149045706266662
167.66666666666586, 5.012656993440885
