"","bb","bb","bb","bb","bb","bb","bb","bb","bb","bb","bb","bb","bb","bb","bb","bb","bb","bb","bb","bb","bb","bb","bb","bb","bb","bb","bb","bb","bb","bb","bb","bb","bb","bb","bb","bb","bb","bb","bb","bb","bb","bb","bb","bb","bb","bb","bb","bb","bb","bb","bb","bb","bb","bb","bb","bb","bb","bb","bb","bb","bb","bb","bb","bb","bb","bb","bb","bb","bb","bb","bb","bb","bb","bb","bb","bb","bb","bb","bb","bb","bb","bb","bb","bb","bb","bb","bb","bb","bb","bb","bb","bb","bb","bb","bb","bb","bb","bb","bb","bb","bb","bb","bb","bb","bb","bb","bb","bb","bb","bb","bb","bb","bb","bb","bb","bb","bb","bb","bb","bb","bb","bb","bb","bb","bb","bb","bb","bb","bb","bb","bb","bb","bb","bb","bb","bb","bb","bb","bb","bb","bb","bb","bb","bb","bb","bb","bb","bb","bb","bb","bb","bb","bb","bb","bb","bb","bb","bb","bb","bb","bb","bb","bb","bb","bb","bb","bb","bb","bb","bb","bb","bb","bb","bb","bb","bb","bb","bb","bb","bb","bb","bb","bb","bb","bb","bb","bb","bb","bb","bb","bb","bb","bb","bb","bb","bb","bb","bb","bb","bb","bb","bb","bb","bb","bb","bb","bb","bb","bb","bb","bb","bb","bb","bb","bb","bb","bb","bb","bb","bb","bb","bb","bb","bb","bb","bb","bb","bb","bb","bb","bb","bb","bb","bb","bb","bb","bb","bb","bb","bb","bb","bb","bb","bb","bb","bb","bb","bb","bb","bb","bb","bb","bb","bb","bb","bb","bb","bb","bb","bb","bb","bb","bb","bb","bb","bb","bb","bb","bb","bb","bb","bb","bb","bb","bb","bb","bb","bb","bb","bb","bb","bb","bb","bb","bb","bb","bb","bb","bb","bb","bb","bb","bb","bb","bb","bb","bb","bb","bb","bb","bb","bb","bb","bb","bb","bb","bb","bb","bb","bb","bb","bb","bb","bb","bb","bb","bb","bb","bb","bb","bb","bb","bb","bb","bb","bb","bb","bb","bb","bb","bb","bb","bb","bb","bb","bb","bb","bb","bb","bb","bb","bb","bb","bb","bb","bb","bb","bb","bb","bb","bb","bb","bb","bb","bb","bb","bb","bb","bb","bb","bb","bb","bb","bb","bb","bb","bb","bb","bb","bb","bb","bb","bb","bb","bb","bb","bb","bb","bb","bb","bb","bb","bb","bb","bb","bb","bb","bb","bb","bb","bb","bb","bb","bb","bb","bb","bb","bb","bb","bb","bb","bb","bb","bb","bb","bb","bb","bb","bb","bb","bb","bb","bb","bb","bb","bb","bb","bb","bb","bb","bb","bb","bb","bb","bb","bb","bb","bb","bb","bb","bb","bb","bb","bb","bb","bb","bb","bb","bb","bb","bb","bb","bb","bb","bb","bb","bb","bb","bb","bb","bb","bb","bb","bb","bb","bb","bb","bb","bb","bb","bb","bb","bb","bb","bb","bb","bb","bb","bb","bb","bb","bb","bb","bb","bb","bb","bb","bb","bb","bb","bb","bb","bb","bb","bb","bb","bb","bb","bb","bb","bb","bb","bb","bb","bb","bb","bb","bb","bb","bb","bb","bb","bb","bb","bb","bb","bb","bb","bb","bb","bb","bb","bb","bb","bb","bb","bb","bb","bb","bb","bb","bb","bb","bb","bb","bb","bb","bb","bb","bb","bb","bb","bb","bb","bb","bb","bb","bb","bb","bb","bb","bb","bb","bb","bb","bb","bb","bb","bb","bb","bb","bb","bb","bb","bb","bb","bb","bb","bb","bb","bb","bb","bb","bb","bb","bb","bb","bb","bb","bb","bb","bb","bb","bb","bb","bb","bb","bb","bb","bb","bb","bb","bb","bb","bb","bb","bb","bb","bb","bb","bb","bb","bb","bb","bb","bb","bb","bb","bb","bb","bb","bb","bb","bb","bb","bb","bb","bb","bb","bb","bb","bb","bb","bb","bb","bb","bb","bb","bb","bb","bb","bb","bb","bb","bb","bb","bb","bb","bb","bb","bb","bb","bb","bb","bb","bb","bb","bb","bb","bb","bb","bb","bb","bb","bb","bb","bb","bb","bb","bb","bb","bb","bb","bb","bb","bb","bb","bb","bb","bb","bb","bb","bb","bb","bb","bb","bb","bb","bb","bb","bb","bb","bb","bb","bb","bb","bb","bb","bb","bb","bb","bb","bb","bb","bb","bb","bb","bb","bb","bb","bb","bb","bb","bb","bb","bb","bb","bb","bb","bb","bb","bb","bb","bb","bb","bb","bb","bb","bb","bb","bb","bb","bb","bb","bb","bb","bb","bb","bb","bb","bb","bb","bb","bb","bb","bb","bb","bb","bb","bb","bb","bb","bb","bb","bb","bb","bb","bb","bb","bb","bb","bb","bb","bb","bb","bb","bb","bb","bb","bb","bb","bb","bb","bb","bb","bb","bb","bb","bb","bb","bb","bb","bb","bb","bb","bb","bb","bb","bb","bb","bb","bb","bb","bb","bb","bb","bb","bb","bb","bb","bb","bb","bb","bb","bb","bb","bb","bb","bb","bb","bb","bb","bb","bb","bb","bb","bb","bb","bb","bb","bb","bb","bb","bb","bb","bb","bb","bb","bb","bb","bb","bb","bb","bb","bb","bb","bb","bb","bb","bb","bb","bb","bb","bb","bb","bb","bb","bb","bb","bb","bb","bb","bb","bb","bb","bb","bb","bb","bb","bb","bb","bb","bb","bb","bb","bb","bb","bb","bb","bb","bb","bb","bb","bb","bb","bb","bb","bb","bb","bb","bb","bb","bb","bb","bb","bb","bb","bb","bb","bb","bb","bb","bb","bb","bb","bb","bb","bb","bb","bb","bb","bb","bb","bb","bb","bb","bb","bb","bb","bb","bb","bb","bb","bb","bb","bb","bb","bb","bb","bb","bb","bb","bb","bb","bb","bb","bb","bb","bb","bb","bb","bb","bb","bb","bb","bb","bb","bb","bb","bb","bb","bb","bb","bb","bb","bb","bb","bb","bb","bb","bb","bb","bb","bb","bb","bb","bb","bb","bb","bb","bb","bb","bb","bb","bb","bb","bb","bb","bb","bb","bb","bb","bb","bb","bb","bb","bb","bb","bb","bb","bb","bb","bb","bb","bb","bb","bb","bb","bb","bb","bb","bb","bb","bb","bb","bb","bb","bb","bb","bb","bb","bb","bb","bb","bb","bb","bb","bb","bb","bb","bb","bb","bb","bb","bb","bb","bb","bb","bb","bb","bb","bb","bb","bb","bb","bb","bb","bb","bb","bb","bb","bb","bb","bb","bb","bb","bb","bb","bb","bb","bb","bb","bb","bb","bb","bb","bb","bb","bb","bb","bb","bb","bb","bb","bb","bb","bb","bb","bb","bb","bb","bb","bb","bb","bb","bb","bb","bb","bb","bb","bb","bb","bb","bb","bb","bb","bb","bb","bb","bb","bb","bb","bb","bb","bb","bb","bb","bb","bb","bb","bb","bb","bb","bb","bb","bb","bb","bb","bb","bb","bb","bb","bb","bb","bb","bb","bb","bb","bb","bb","bb","bb","bb","bb","bb"
"1",0,0,0,0,0,0,0,0,0,0,3.210845846,0,3.39314893333333,0,0,0,0,0,0,0,0,0,0,0,2.104,0,0,0,0,0,0,0,0,0,0,3.223097872,0,0,0,0,0,0,2.79978493,0,0,0,0,0,0,0,0,0,0,0,0,0,0,0,0,0,0,0,0,0,0,0,0,0,0,0,0,0,0,0,0,0,0,0,0,0,0,0,0,0,0,2.05028571428571,0,0,0,0,0,0,0,0,0,0,0,0,0,0,0,0,0,0,0,0,0,0,0,0,0,0,0,0,0,0,0,0,0,0,0,0,0,0,0,0,0,0,0,0,0,0,0,0,0,0,0,0,0,1.896,0,0,0,0,0,0,0,0,0,0,0,0,0,0,0,0,0,0,0,0,0,0,0,0,0,0,0,0,0,0,0,0,0,0,0,0,0,0,0,0,0,3.20074642,0,3.392647304,0,0,0,0,0,0,0,0,0,0,0,0,0,0,0,0,0,0,0,0,0,0,0,0,0,0,0,0,0,3.1198484125,0,0,0,0,0,2.05028571428571,0,0,0,0,0,0,0,0,0,0,0,0,1.911,0,0,0,0,0,0,0,0,0,0,0,3.1830112325,0,0,0,0,0,0,0,0,0,0,0,0,0,0,0,0,0,0,0,0,0,0,0,0,0,0,0,0,0,0,0,0,0,0,0,2.30520214285714,0,0,0,0,0,0,0,0,0,0,0,0,0,0,0,0,0,0,0,0,0,0,0,0,0,0,0,0,0,0,0,0,0,0,0,0,0,0,0,0,0,0,0,0,0,0,0,0,0,0,0,0,0,0,0,0,0,0,0,0,0,0,0,0,0,0,0,0,0,0,0,0,0,0,0,0,0,0,0,0,0,0,0,0,0,0,0,0,0,0,0,0,2.116,0,0,0,0,0,0,0,0,0,0,3.070652112,0,0,0,0,0,1.965,0,0,0,0,0,0,3.0857180675,0,0,0,0,0,0,3.1412228,3.096,0,3.26794747,0,0,0,0,0,0,0,2.696,0,0,0,2.164,0,0,0,0,0,2.76,3.6702518465,0,0,0,0,2.304,0,2.8223282725,0,0,2.887993752,2.576,0,3.329301055,0,0,1.26,0,0,0,0,0,0,0,0,0,0,0,1.99542857142857,0,0,0,1.7872148465,0,0,0,0,0,0,0,0,0,0,0,0,0,0,0,0,0,0,2.6832,0,2.7268459125,0,0,0,0,0,0,0,0,0,0,2.79598638,0,3.58434370333333,0,3.007238315,0,0,0,0,0,0,0,0,0,0,3.004472776,0,0,2.8888456125,0,0,0,1.959,0,0,3.247976998,0,2.793697274,0,0,0,0,0,0,2.094,0,0,0,0,3.01480074,3.22983514,0,0,0,0,0,0,0,0,0,3.0274927625,0,0,0,2.8080183725,0,0,0,0,2.710267325,0,2.3317383835,0,0,0,0,3.57559703666667,0,3.84191906333333,0,0,3.08602042,0,3.019355902,0,0,0,3.44987161333333,0,0,0,0,0,0,3.020080786,3.184168896,2.862928365,3.67205078333333,2.816,0,4.02,0,0,0,0,0,3.37932471666667,2.692328325,0,3.03781216,0,3.37989164333333,0,0,0,0,2.754,0,0,0,2.895633472,0,0,0,0,0,0,0,0,0,0,3.48019820333333,0,0,0,0,2.616,0,0,0,0,0,0,0,3.6847035825,0,0,0,0,0,0,2.646129294,0,0,0,0,0,0,2.581484232,0,0,0,0,0,3.37818954666667,3.527325118,3.69979760333333,0,0,0,3.91920525666667,0,0,3.36339938,0,0,0,0,0,0,0,0,0,0,0,3.3871473075,0,0,0,0,2.992,0,0,0,0,0,0,0,0,0,0,0,0,0,0,0,0,0,0,0,2.736295139,0,3.504,0,0,3.202586982,0,0,0,0,0,0,0,0,0,0,0,0,0,0,0,0,0,0,0,0,0,0,0,0,0,0,0,0,0,0,0,0,0,0,0,0,0,0,0,0,0,0,0,0,0,0,0,0,0,0,0,0,0,0,0,0,0,0,0,0,0,0,0,0,0,0,2.9795276495,0,3.048,0,0,0,0,0,0,0,0,0,2.752,0,0,0,0,0,0,0,0,0,0,0,0,3.7559414825,2.8591927625,0,0,2.6551215895,3.0360134075,0,3.097007559,3.712,0,2.209042932,0,0,0,0,0,0,0,0,0,0,0,2.736286845,0,2.547977126,3.888,0,3.2407194555,0,0,3.11087759,0,0,3.6353573075,0,0,0,0,3.425078035,0,0,0,0,0,0,0,0,0,3.136872745,0,0,0,3.0466203,0,0,0,3.107517878,0,0,0,0,0,0,0,0,3.006,0,3.3001328175,0,0,2.584,0,0,0,0,0,0,0,0,0,1.728,0,0,0,1.86171428571429,0,0,0,0,0,0,0,0,0,0,0,0,0,3.1334558575,0,0,0,0,0,0,0,0,0,2.855412636,0,0,0,0,0,0,0,0,0,0,0,0,0,0,3.1283530275,0,0,0,2.52815023,0,0,0,0,0,0,0,0,0,1.95771428571429,0,0,0,0,0,0,0,0,0,0,0,0,0,0,0,0,0,0,0,3.029781814,0,0,0,0,0,0,0,0,0,3.380003992,2.853733552,0,0,1.896,0,0,0,0,0,1.911,0,0,0,0,0,0,2.8755518875,3.085441395,0,2.89554025,3.0299550375,3.5685288445,0,2.754055418,3.35838262666667,3.60284687666667,3.3080927475,3.46861926,3.12,2.92,2.7764484825,0,0,1.848,3.05091993,0,0,2.84,2.72606482,3.384,3.0208288175,3.94546133333333,3.39852773,0,0,2.8,0,3.04,0,3.75935559,4.104,2.953679705,3.08,2.9062801375,2.784,3.2480457825,3.2210827975,3.22224836,3.18957293,3.55069984333333,3.016,3.66100786666667,3.407436285,2.96,3.0819824425,2.582349489,3.2687995325,3.3550769625,0,3.4446984525,4.07285169666667,2.977374585,3.42704208,0,2.736,2.6940018225,0,0,3.0990164725,3.0348205725,2.7372107725,3.3866431,0,3.37372244666667,0,2.112,3.1991595595,0,2.7627130425,0,0,2.848,0,3.744,0,0,0,3.21659933,2.672,0,3.5254195795,2.664,3.475535726,3.152,0,3.193337977,3.184,0,3.83897669333333,2.654380895,0,2.76,3.016,3.55508455,3.144,0,2.928,2.776,0,3.548386063,0,2.928,2.568,3.05912716,0,2.816,0,0,0,0,3.888,0,3.93936960666667,3.5022106975,0,3.136,2.792,3.43819818,3.5942261345,0
"2",0,0,0,0,0,0,0,0,0,0,0,0,0,0,0,0,0,0,0,0,0,0,0,0,0,0,0,0,0,0,0,0,0,0,0,3.223097872,0,0,0,0,0,0,0,0,0,0,0,0,0,0,0,0,0,0,0,0,0,0,0,0,0,0,0,0,0,0,0,0,0,0,0,0,0,0,0,0,0,0,0,0,0,0,0,0,0,0,0,0,0,0,0,0,0,0,0,0,0,0,0,0,0,0,0,0,0,0,0,0,0,0,0,0,0,0,0,0,0,0,0,0,0,0,0,0,0,0,0,0,0,0,0,0,0,0,0,0,0,0,0,0,0,0,0,0,0,0,0,0,0,0,0,0,0,0,0,0,0,0,0,0,0,0,0,0,0,0,0,0,0,0,0,0,0,0,0,0,0,0,0,0,0,0,0,3.392647304,0,0,0,0,0,0,0,0,0,0,0,0,0,0,0,0,0,0,0,0,0,0,0,0,0,0,0,0,0,0,0,0,0,0,0,0,0,0,0,0,0,0,0,0,0,0,0,0,0,0,0,0,0,0,0,0,0,0,0,0,3.1830112325,0,0,0,0,0,0,0,0,0,0,0,0,0,0,0,0,0,0,0,0,0,0,0,0,0,0,0,0,0,0,0,0,0,0,0,0,0,0,0,0,0,0,0,0,0,0,0,0,0,0,0,0,0,0,0,0,0,0,0,0,0,0,0,0,0,0,0,0,0,0,0,0,0,0,0,0,0,0,0,0,0,0,0,0,0,0,0,0,0,0,0,0,0,0,0,0,0,0,0,0,0,0,0,0,0,0,0,0,0,0,0,0,0,0,0,0,0,0,0,0,0,0,0,0,0,0,0,0,0,0,0,0,0,0,0,0,0,0,0,3.070652112,0,0,0,0,0,0,0,0,0,0,0,0,0,0,0,0,0,0,0,3.1412228,3.096,0,3.26794747,0,0,0,0,0,0,0,2.696,0,0,0,0,0,0,0,0,0,2.76,0,0,0,0,0,2.304,0,0,0,0,2.887993752,2.576,0,0,0,0,0,0,0,0,0,0,0,0,0,0,0,0,0,0,0,0,0,0,0,0,0,0,0,0,0,0,0,0,0,0,0,0,0,0,0,2.6832,0,2.7268459125,0,0,0,0,0,0,0,0,0,0,0,0,3.58434370333333,0,0,0,0,0,0,0,0,0,0,0,0,3.004472776,0,0,0,0,0,0,0,0,0,0,0,2.793697274,0,0,0,0,0,0,0,0,0,0,0,3.01480074,3.22983514,0,0,0,0,0,0,0,0,0,3.0274927625,0,0,0,0,0,0,0,0,2.710267325,0,0,0,0,0,0,3.57559703666667,0,3.84191906333333,0,0,0,0,0,0,0,0,3.44987161333333,0,0,0,0,0,0,0,3.184168896,2.862928365,3.67205078333333,2.816,0,0,0,0,0,0,0,3.37932471666667,2.692328325,0,0,0,3.37989164333333,0,0,0,0,0,0,0,0,2.895633472,0,0,0,0,0,0,0,0,0,0,3.48019820333333,0,0,0,0,2.616,0,0,0,0,0,0,0,3.6847035825,0,0,0,0,0,0,0,0,0,0,0,0,0,0,0,0,0,0,0,3.37818954666667,3.527325118,3.69979760333333,0,0,0,3.91920525666667,0,0,3.36339938,0,0,0,0,0,0,0,0,0,0,0,3.3871473075,0,0,0,0,2.992,0,0,0,0,0,0,0,0,0,0,0,0,0,0,0,0,0,0,0,2.736295139,0,3.504,0,0,3.202586982,0,0,0,0,0,0,0,0,0,0,0,0,0,0,0,0,0,0,0,0,0,0,0,0,0,0,0,0,0,0,0,0,0,0,0,0,0,0,0,0,0,0,0,0,0,0,0,0,0,0,0,0,0,0,0,0,0,0,0,0,0,0,0,0,0,0,0,0,3.048,0,0,0,0,0,0,0,0,0,2.752,0,0,0,0,0,0,0,0,0,0,0,0,3.7559414825,2.8591927625,0,0,0,3.0360134075,0,0,0,0,0,0,0,0,0,0,0,0,0,0,0,0,2.736286845,0,0,0,0,0,0,0,3.11087759,0,0,3.6353573075,0,0,0,0,3.425078035,0,0,0,0,0,0,0,0,0,3.136872745,0,0,0,3.0466203,0,0,0,3.107517878,0,0,0,0,0,0,0,0,3.006,0,3.3001328175,0,0,2.584,0,0,0,0,0,0,0,0,0,0,0,0,0,0,0,0,0,0,0,0,0,0,0,0,0,0,0,3.1334558575,0,0,0,0,0,0,0,0,0,2.855412636,0,0,0,0,0,0,0,0,0,0,0,0,0,0,3.1283530275,0,0,0,0,0,0,0,0,0,0,0,0,0,1.95771428571429,0,0,0,0,0,0,0,0,0,0,0,0,0,0,0,0,0,0,0,3.029781814,0,0,0,0,0,0,0,0,0,0,0,0,0,0,0,0,0,0,0,0,0,0,0,0,0,0,2.8755518875,3.085441395,0,2.89554025,3.0299550375,0,0,2.754055418,3.35838262666667,3.60284687666667,3.3080927475,3.46861926,3.12,2.92,2.7764484825,0,0,0,3.05091993,0,0,2.84,2.72606482,3.384,3.0208288175,3.94546133333333,3.39852773,0,0,2.8,0,3.04,0,3.75935559,0,2.953679705,3.08,2.9062801375,2.784,3.2480457825,3.2210827975,3.22224836,3.18957293,3.55069984333333,3.016,3.66100786666667,3.407436285,2.96,3.0819824425,0,3.2687995325,3.3550769625,0,3.4446984525,4.07285169666667,2.977374585,3.42704208,0,2.736,2.6940018225,0,0,3.0990164725,3.0348205725,2.7372107725,3.3866431,0,3.37372244666667,0,0,0,0,0,0,0,2.848,0,3.744,0,0,0,3.21659933,2.672,0,0,2.664,0,3.152,0,0,3.184,0,3.83897669333333,2.654380895,0,2.76,3.016,3.55508455,3.144,0,2.928,2.776,0,0,0,2.928,2.568,3.05912716,0,2.816,0,0,0,0,0,0,3.93936960666667,0,0,3.136,2.792,3.43819818,0,0
"3",0,0,0,0,0,0,0,0,0,0,0,0,0,0,0,0,0,0,0,0,0,0,0,0,0,0,0,0,0,0,0,0,0,0,0,3.223097872,0,0,0,0,0,0,0,0,0,0,0,0,0,0,0,0,0,0,0,0,0,0,0,0,0,0,0,0,0,0,0,0,0,0,0,0,0,0,0,0,0,0,0,0,0,0,0,0,0,0,0,0,0,0,0,0,0,0,0,0,0,0,0,0,0,0,0,0,0,0,0,0,0,0,0,0,0,0,0,0,0,0,0,0,0,0,0,0,0,0,0,0,0,0,0,0,0,0,0,0,0,0,0,0,0,0,0,0,0,0,0,0,0,0,0,0,0,0,0,0,0,0,0,0,0,0,0,0,0,0,0,0,0,0,0,0,0,0,0,0,0,0,0,0,0,0,0,3.392647304,0,0,0,0,0,0,0,0,0,0,0,0,0,0,0,0,0,0,0,0,0,0,0,0,0,0,0,0,0,0,0,0,0,0,0,0,0,0,0,0,0,0,0,0,0,0,0,0,0,0,0,0,0,0,0,0,0,0,0,0,3.1830112325,0,0,0,0,0,0,0,0,0,0,0,0,0,0,0,0,0,0,0,0,0,0,0,0,0,0,0,0,0,0,0,0,0,0,0,0,0,0,0,0,0,0,0,0,0,0,0,0,0,0,0,0,0,0,0,0,0,0,0,0,0,0,0,0,0,0,0,0,0,0,0,0,0,0,0,0,0,0,0,0,0,0,0,0,0,0,0,0,0,0,0,0,0,0,0,0,0,0,0,0,0,0,0,0,0,0,0,0,0,0,0,0,0,0,0,0,0,0,0,0,0,0,0,0,0,0,0,0,0,0,0,0,0,0,0,0,0,0,0,0,0,0,0,0,0,0,0,0,0,0,0,0,0,0,0,0,0,0,0,0,0,0,3.26794747,0,0,0,0,0,0,0,0,0,0,0,0,0,0,0,0,0,2.76,0,0,0,0,0,2.304,0,0,0,0,2.887993752,0,0,0,0,0,0,0,0,0,0,0,0,0,0,0,0,0,0,0,0,0,0,0,0,0,0,0,0,0,0,0,0,0,0,0,0,0,0,0,0,0,0,0,0,0,0,0,0,0,0,0,0,0,0,0,0,0,0,0,0,0,0,0,0,0,0,0,0,3.004472776,0,0,0,0,0,0,0,0,0,0,0,0,0,0,0,0,0,0,0,0,0,0,0,3.01480074,3.22983514,0,0,0,0,0,0,0,0,0,3.0274927625,0,0,0,0,0,0,0,0,2.710267325,0,0,0,0,0,0,0,0,0,0,0,0,0,0,0,0,0,0,0,0,0,0,0,0,0,0,0,0,0,0,0,0,0,0,0,0,0,0,0,0,0,0,0,0,0,0,0,0,0,0,0,0,0,0,0,0,0,0,0,0,0,0,0,0,0,0,0,0,0,0,0,0,0,0,3.6847035825,0,0,0,0,0,0,0,0,0,0,0,0,0,0,0,0,0,0,0,3.37818954666667,0,3.69979760333333,0,0,0,3.91920525666667,0,0,3.36339938,0,0,0,0,0,0,0,0,0,0,0,3.3871473075,0,0,0,0,2.992,0,0,0,0,0,0,0,0,0,0,0,0,0,0,0,0,0,0,0,0,0,3.504,0,0,3.202586982,0,0,0,0,0,0,0,0,0,0,0,0,0,0,0,0,0,0,0,0,0,0,0,0,0,0,0,0,0,0,0,0,0,0,0,0,0,0,0,0,0,0,0,0,0,0,0,0,0,0,0,0,0,0,0,0,0,0,0,0,0,0,0,0,0,0,0,0,3.048,0,0,0,0,0,0,0,0,0,0,0,0,0,0,0,0,0,0,0,0,0,0,3.7559414825,2.8591927625,0,0,0,0,0,0,0,0,0,0,0,0,0,0,0,0,0,0,0,0,2.736286845,0,0,0,0,0,0,0,0,0,0,3.6353573075,0,0,0,0,3.425078035,0,0,0,0,0,0,0,0,0,3.136872745,0,0,0,3.0466203,0,0,0,3.107517878,0,0,0,0,0,0,0,0,0,0,3.3001328175,0,0,2.584,0,0,0,0,0,0,0,0,0,0,0,0,0,0,0,0,0,0,0,0,0,0,0,0,0,0,0,3.1334558575,0,0,0,0,0,0,0,0,0,0,0,0,0,0,0,0,0,0,0,0,0,0,0,0,3.1283530275,0,0,0,0,0,0,0,0,0,0,3.072,0,0,0,0,0,0,0,0,0,0,0,0,0,0,0,0,0,0,0,0,0,0,3.029781814,0,0,0,0,0,0,0,0,0,0,0,0,0,0,0,0,0,0,0,0,0,0,0,0,0,0,2.8755518875,3.085441395,0,2.89554025,3.0299550375,0,0,2.754055418,0,0,3.3080927475,3.46861926,0,0,2.7764484825,0,0,0,3.05091993,0,0,0,2.72606482,0,3.0208288175,0,0,0,0,0,0,0,0,0,0,2.953679705,0,2.9062801375,0,3.2480457825,3.2210827975,3.22224836,3.18957293,0,0,0,3.407436285,0,3.0819824425,0,3.2687995325,3.3550769625,0,3.4446984525,0,2.977374585,3.42704208,0,0,2.6940018225,0,0,3.0990164725,3.0348205725,2.7372107725,0,0,0,0,0,0,0,0,0,0,0,0,0,0,0,0,3.21659933,0,0,0,0,0,0,0,0,0,0,0,2.654380895,0,0,0,0,0,0,0,0,0,0,0,0,0,3.05912716,0,0,0,0,0,0,0,0,0,0,0,0,0,0,0,0
"4",0,0,0,0,0,0,0,0,0,0,0,0,0,0,0,0,0,0,0,0,0,0,0,0,0,0,0,0,0,0,0,0,0,0,0,3.223097872,0,0,0,0,0,0,0,0,0,0,0,0,0,0,0,0,0,0,0,0,0,0,0,0,0,0,0,0,0,0,0,0,0,0,0,0,0,0,0,0,0,0,0,0,0,0,0,0,0,0,0,0,0,0,0,0,0,0,0,0,0,0,0,0,0,0,0,0,0,0,0,0,0,0,0,0,0,0,0,0,0,0,0,0,0,0,0,0,0,0,0,0,0,0,0,0,0,0,0,0,0,0,0,0,0,0,0,0,0,0,0,0,0,0,0,0,0,0,0,0,0,0,0,0,0,0,0,0,0,0,0,0,0,0,0,0,0,0,0,0,0,0,0,0,0,0,0,0,0,0,0,0,0,0,0,0,0,0,0,0,0,0,0,0,0,0,0,0,0,0,0,0,0,0,0,0,0,0,0,0,0,0,0,0,0,0,0,0,0,0,0,0,0,0,0,0,0,0,0,0,0,0,0,0,0,0,0,0,0,0,0,0,0,0,0,0,0,0,0,0,0,0,0,0,0,0,0,0,0,0,0,0,0,0,0,0,0,0,0,0,0,0,0,0,0,0,0,0,0,0,0,0,0,0,0,0,0,0,0,0,0,0,0,0,0,0,0,0,0,0,0,0,0,0,0,0,0,0,0,0,0,0,0,0,0,0,0,0,0,0,0,0,0,0,0,0,0,0,0,0,0,0,0,0,0,0,0,0,0,0,0,0,0,0,0,0,0,0,0,0,0,0,0,0,0,0,0,0,0,0,0,0,0,0,0,0,0,0,0,0,0,0,0,0,0,0,0,0,0,0,0,0,0,0,0,0,0,0,0,0,0,0,0,0,0,0,0,0,0,0,0,0,0,0,0,0,0,0,0,0,0,0,0,0,0,0,0,0,0,0,0,0,0,0,0,0,0,0,0,0,2.887993752,0,0,0,0,0,0,0,0,0,0,0,0,0,0,0,0,0,0,0,0,0,0,0,0,0,0,0,0,0,0,0,0,0,0,0,0,0,0,0,0,0,0,0,0,0,0,0,0,0,0,0,0,0,0,0,0,0,0,0,0,0,0,0,0,0,0,0,0,0,0,0,0,0,0,0,0,0,0,0,0,0,0,3.032,0,0,0,0,0,0,0,0,0,0,0,0,0,0,0,0,0,0,0,0,0,0,0,0,0,0,0,0,0,0,0,0,0,0,0,0,0,0,0,0,0,0,0,0,0,0,0,0,0,0,0,0,0,0,0,0,0,0,0,0,0,0,0,0,0,0,0,0,0,0,0,0,0,0,0,0,0,0,0,0,0,0,0,0,0,0,0,0,0,0,0,0,0,0,0,0,0,0,0,0,0,0,0,0,0,0,0,0,0,0,0,0,0,0,0,0,0,0,0,0,0,0,0,0,0,0,0,0,0,0,0,0,0,0,0,0,0,0,0,0,0,0,0,0,0,3.3871473075,0,0,0,0,0,0,0,0,0,0,0,0,0,0,0,0,0,0,0,0,0,0,0,0,0,0,0,0,0,3.202586982,0,0,0,0,0,0,0,0,0,0,0,0,0,0,0,0,0,0,0,0,0,0,0,0,0,0,0,0,0,0,0,0,0,0,0,0,0,0,0,0,0,0,0,0,0,0,0,0,0,0,0,2.904,0,0,0,0,0,0,0,0,0,0,0,0,0,0,0,0,0,0,0,0,0,0,0,0,0,0,0,0,0,0,0,0,0,0,0,0,0,0,0,3.7559414825,2.8591927625,0,0,0,0,0,0,0,0,0,0,0,0,0,0,0,0,0,0,0,0,0,0,0,0,0,0,0,0,0,0,0,3.6353573075,0,0,0,0,0,0,0,0,0,0,0,0,0,0,0,0,0,0,3.0466203,0,0,0,3.107517878,0,0,0,0,0,0,0,0,0,0,3.3001328175,0,0,0,0,0,0,0,0,0,0,0,0,0,0,0,0,0,0,0,0,0,0,0,0,0,0,0,0,0,0,0,0,0,0,0,0,0,0,0,0,0,0,0,0,0,0,0,0,0,0,0,0,0,0,0,0,0,0,0,0,0,0,0,0,0,0,3.072,0,0,0,0,0,0,0,0,0,0,0,0,0,0,0,0,0,0,0,0,0,0,3.029781814,0,0,0,0,0,0,0,0,0,0,0,0,0,0,0,0,0,0,0,0,0,0,0,0,0,0,0,0,0,0,0,0,0,2.754055418,0,0,0,0,0,0,0,0,0,0,0,0,0,0,0,0,0,0,0,0,0,0,0,0,0,0,0,0,0,0,0,0,0,0,3.18957293,0,0,0,0,0,0,0,0,0,0,0,0,0,0,0,0,0,0,0,0,0,0,0,0,0,0,0,0,0,0,0,0,0,0,0,0,0,0,0,0,0,0,0,0,0,0,0,0,0,0,0,0,0,0,0,0,0,0,0,0,0,0,0,0,0,0,0,0,0,0,0,0,0,0,0,0,0,0,0,0,0
"5",0,0,0,0,0,0,0,0,0,0,0,0,0,0,0,0,0,0,0,0,0,0,0,0,0,0,0,0,0,0,0,0,0,0,0,0,0,0,0,0,0,0,0,0,0,0,0,0,0,0,0,0,0,0,0,0,0,0,0,0,0,0,0,0,0,0,0,0,0,0,0,0,0,0,0,0,0,0,0,0,0,0,0,0,0,0,0,0,0,0,0,0,0,0,0,0,0,0,0,0,0,0,0,0,0,0,0,0,0,0,0,0,0,0,0,0,0,0,0,0,0,0,0,0,0,0,0,0,0,0,0,0,0,0,0,0,0,0,0,0,0,0,0,0,0,0,0,0,0,0,0,0,0,0,0,0,0,0,0,0,0,0,0,0,0,0,0,0,0,0,0,0,0,0,0,0,0,0,0,0,0,0,0,0,0,0,0,0,0,0,0,0,0,0,0,0,0,0,0,0,0,0,0,0,0,0,0,0,0,0,0,0,1.74,0,0,0,0,0,0,0,0,0,0,0,0,0,0,0,0,0,0,0,0,0,0,0,0,0,0,0,0,0,0,0,0,0,0,0,0,0,0,0,0,0,0,0,0,0,0,0,0,0,0,0,0,0,0,0,0,0,0,0,0,0,0,0,0,0,0,0,0,0,0,0,0,0,0,0,0,0,0,0,0,0,0,0,0,0,0,0,0,0,0,0,0,0,0,0,0,0,0,0,0,0,0,0,0,0,0,0,0,0,0,0,0,0,0,0,0,0,0,0,0,0,0,0,0,0,0,0,0,0,0,0,0,0,0,0,0,0,0,0,0,0,0,0,0,0,0,0,0,0,0,0,0,0,0,0,0,0,0,0,0,0,0,0,0,0,0,0,0,0,0,0,0,0,0,0,0,0,0,0,2.785951382,0,0,0,0,0,0,0,0,0,0,0,0,0,0,0,0,0,0,0,0,0,0,0,0,0,0,0,0,0,0,0,0,0,0,0,0,0,0,0,0,0,0,0,0,0,0,0,0,0,0,0,0,0,0,0,0,0,0,0,0,0,0,0,0,0,0,0,0,0,0,0,0,0,0,0,0,0,0,0,0,0,0,0,0,0,0,0,0,0,0,0,0,0,0,0,0,0,0,0,0,0,0,0,0,0,0,0,0,0,0,0,0,0,0,0,0,0,0,0,0,0,0,0,0,0,0,3.032,0,0,0,0,0,0,0,0,0,0,0,0,0,0,0,0,0,0,0,0,0,0,0,0,0,0,0,0,0,0,0,0,0,0,0,0,0,0,0,0,0,0,0,0,0,0,0,0,0,0,0,0,0,0,0,0,0,0,0,0,0,0,0,0,0,0,0,0,0,0,0,0,0,0,0,0,0,0,0,0,0,0,0,0,0,0,0,0,0,0,0,0,0,0,0,0,0,0,0,0,0,0,0,0,0,0,0,0,0,0,0,0,0,0,0,0,0,0,0,0,0,0,0,0,0,0,0,0,0,0,0,0,0,0,0,0,0,0,0,0,0,0,0,0,0,0,0,0,0,0,0,0,0,0,0,0,0,0,0,0,0,0,2.52,0,0,0,0,0,0,0,0,0,0,0,0,3.202586982,0,0,0,0,0,0,0,0,0,0,0,0,0,0,0,0,0,0,0,0,0,0,0,0,0,0,0,0,0,0,0,0,0,0,0,0,0,0,0,0,0,0,0,0,0,0,0,0,0,0,0,2.904,0,0,0,0,0,0,0,0,0,0,0,0,0,0,0,0,0,0,0,0,0,0,0,0,0,0,0,0,0,0,0,0,0,0,0,0,0,0,0,0,0,0,0,0,0,0,0,0,0,0,0,0,0,1.58270958666667,0,0,0,0,0,0,0,0,0,0,0,0,0,0,0,0,0,0,0,0,0,0,0,0,0,0,0,0,0,0,0,0,0,0,0,0,0,3.0466203,0,0,0,3.107517878,0,0,0,0,0,0,0,0,0,0,0,0,0,0,0,0,0,0,0,0,0,0,0,0,0,0,0,0,0,0,0,0,0,0,0,0,0,0,0,0,0,0,0,0,0,0,0,0,0,0,0,0,0,0,0,0,0,0,0,0,0,0,0,0,0,0,0,0,0,0,0,0,0,0,0,0,0,3.072,0,0,0,0,0,0,0,0,0,0,0,0,0,0,0,0,0,0,0,0,0,0,0,0,0,0,0,0,0,0,0,0,0,0,0,0,0,0,0,0,0,0,0,0,0,0,0,0,0,0,0,0,0,0,0,0,0,0,0,0,0,0,0,0,0,0,0,0,0,0,0,0,0,0,0,0,0,0,0,0,0,0,0,0,0,0,0,0,0,0,0,0,0,0,0,0,0,0,0,0,0,0,0,0,0,0,0,0,0,0,0,0,0,0,0,0,0,0,0,0,0,0,0,0,0,0,0,0,0,0,0,0,0,0,0,0,0,0,0,0,0,0,0,0,0,0,0,0,0,0,0,0,0,0,0,0,0,0,0,0,0,0,0,0,0,0,0,0,0,0,0,0,0
"6",0,0,0,0,0,0,0,0,0,0,0,0,0,0,0,0,0,0,0,0,0,0,0,0,0,0,0,0,0,0,0,0,0,0,0,0,0,0,0,0,0,0,0,0,0,0,0,0,0,0,0,0,0,0,0,0,0,0,0,0,0,0,0,0,0,0,0,0,0,0,0,0,0,0,0,0,0,0,0,0,0,0,0,0,0,0,0,0,0,0,0,0,0,0,0,0,0,0,0,0,0,0,0,0,0,0,0,0,0,0,0,0,0,0,0,0,0,0,0,0,0,0,0,0,0,0,0,0,0,0,0,0,0,0,0,0,0,0,0,0,3.211441892,0,0,0,0,0,0,0,0,0,0,0,0,0,0,0,0,0,0,0,0,0,0,0,0,0,0,0,0,0,0,2.192532428,0,2.168,0,0,0,0,0,0,0,0,0,0,0,0,0,0,0,0,0,0,0,0,0,0,0,0,0,0,0,0,0,0,0,0,0,0,0,0,0,0,1.74,0,0,0,2.00725331285714,0,0,0,0,0,0,0,0,0,0,0,0,0,0,0,0,0,0,0,0,0,0,0,0,0,0,0,0,0,0,0,0,0,0,0,0,0,0,0,0,0,0,0,0,0,0,0,0,0,0,0,0,0,0,0,0,0,0,0,0,0,0,0,0,0,0,0,0,0,0,0,0,0,0,0,0,0,0,0,0,0,0,0,0,0,0,0,0,0,0,0,0,0,0,0,0,0,0,0,0,0,0,0,0,0,0,0,0,0,0,0,0,0,0,2.448,0,0,0,0,0,0,0,0,0,0,0,0,0,0,0,0,0,0,0,0,0,0,0,0,0,0,0,0,0,0,0,0,0,0,0,0,0,0,0,0,0,0,0,0,0,0,0,0,0,0,0,0,0,2.112,0,0,0,0,0,0,2.785951382,0,0,0,0,0,0,0,0,2.292,0,0,0,0,0,0,0,0,0,0,0,0,0,0,0,0,0,0,0,0,0,0,0,0,0,0,0,0,0,0,0,0,0,0,0,0,0,0,0,0,0,0,0,0,0,0,0,0,0,0,0,0,0,0,0,0,0,0,0,0,0,0,0,0,0,0,0,0,0,0,0,0,0,0,0,0,0,0,0,0,0,0,0,0,0,0,0,0,0,0,0,0,0,0,0,0,0,0,0,0,0,0,0,0,0,0,0,0,0,0,0,0,0,0,0,0,0,3.032,0,0,0,0,0,0,0,0,0,0,0,0,0,0,0,0,0,0,0,0,0,0,0,0,0,0,0,0,0,0,0,0,0,0,0,0,0,0,0,0,0,0,0,0,0,0,0,0,0,0,0,0,0,0,0,0,0,0,0,0,0,0,0,0,0,0,0,0,0,0,0,0,0,0,0,0,0,0,0,0,0,0,0,0,0,0,0,0,0,0,0,0,0,0,0,0,0,0,0,0,0,0,0,0,0,0,0,0,0,0,0,0,0,0,0,0,0,0,0,0,0,0,0,0,0,0,0,0,0,0,0,0,0,0,0,0,0,0,0,0,0,0,0,0,0,0,0,0,0,0,0,0,0,0,0,0,0,0,0,0,0,0,0,0,0,0,0,0,0,0,0,0,0,0,0,0,0,0,0,0,0,0,0,0,0,0,0,0,0,0,0,0,0,0,0,0,0,0,0,0,0,0,0,0,0,0,0,0,0,0,0,0,0,0,0,0,0,0,0,0,0,0,0,0,0,0,0,2.904,0,0,0,0,0,0,0,0,0,0,0,0,0,0,0,0,0,0,0,0,0,0,0,0,0,0,0,0,0,0,0,0,0,0,0,0,0,0,0,0,0,0,0,0,0,0,0,0,0,0,0,0,0,1.58270958666667,0,0,0,0,3.199874088,0,0,0,0,0,0,0,0,0,0,0,0,0,0,0,0,0,0,0,0,0,0,0,2.527618365,0,0,0,0,0,0,0,0,0,0,0,0,0,0,0,0,3.569944399,0,0,0,0,0,0,0,0,0,0,0,0,0,0,0,0,0,0,0,0,0,0,0,0,0,0,0,0,0,0,0,0,0,0,0,0,0,0,0,0,0,0,0,0,0,0,0,0,0,0,0,0,0,0,0,0,0,0,0,0,0,0,0,0,0,0,0,0,0,0,0,0,0,0,0,0,0,0,0,0,0,0,0,0,0,0,0,0,0,0,0,0,0,0,0,0,0,0,0,0,0,0,0,0,0,0,0,0,0,0,0,0,0,0,0,0,0,0,0,0,0,0,0,0,0,0,0,0,0,0,0,0,0,0,0,0,0,0,0,0,0,0,0,0,0,0,0,0,0,0,0,0,0,0,0,0,0,0,0,0,0,0,0,0,0,0,0,0,0,0,0,0,0,0,0,0,0,0,0,0,0,0,0,0,0,0,0,0,0,0,0,0,0,0,0,0,0,0,0,0,0,0,0,0,0,0,0,0,0,0,0,0,0,0,0,0,0,0,0,0,0,0,0,0,0,0,0,0,0,0,0,0,0,0,0,0,0,0,0,0,0,0,0,0,0,0,0
"7",0,0,0,0,0,0,0,0,0,0,0,0,0,0,0,0,0,0,0,0,0,0,0,0,0,0,0,0,0,0,0,0,0,0,0,0,0,0,0,0,0,0,0,0,0,0,0,0,0,0,0,0,0,0,0,0,0,0,0,0,0,0,0,0,0,0,0,0,0,0,0,0,0,0,0,0,0,0,0,0,0,0,0,0,0,0,0,0,0,0,0,0,0,0,0,0,0,0,0,0,0,0,0,0,0,0,0,0,3.372252324,0,0,0,0,0,0,0,0,0,0,0,0,0,0,0,0,0,0,0,0,0,0,0,2.954877324,0,0,1.032,0,0,0,0,0,0,0,0,0,0,0,0,3.4593705285,0,0,0,0,1.8192,0,0,0,0,0,0,0,0,0,0,2.802806518,0,0,0,0,0,0,2.192532428,0,2.168,0,0,0,0,0,0,0,0,0,0,0,0,0,0,0,0,0,0,0,0,0,0,0,0,0,0,0,0,0,0,0,0,0,0,0,0,0,0,0,0,0,0,2.00725331285714,0,0,0,0,0,0,0,0,0,0,0,0,0,0,0,0,0,0,0,0,0,0,0,0,0,0,0,0,0,0,0,0,0,0,0,0,0,0,0,0,0,0,0,0,0,0,0,0,0,0,0,0,0,0,0,0,0,0,0,0,0,0,1.83979208285714,0,0,0,0,0,0,0,3.2,0,0,0,0,0,0,0,0,0,0,0,0,0,0,0,0,0,0,2.079197652,0,0,0,0,0,0,0,0,0,0,0,0,0,0,0,0,0,0,0,0,0,0,0,0,2.448,0,0,0,0,0,0,0,0,0,0,0,0,0,0,0,0,0,0,0,0,0,0,0,0,0,0,0,0,0,0,0,0,0,0,0,0,0,0,0,0,0,0,0,0,0,0,0,0,0,0,0,0,0,2.112,0,0,0,0,0,0,0,0,0,0,0,0,0,0,0,2.292,0,0,0,0,0,0,0,0,0,0,0,0,0,0,0,0,0,0,0,0,0,0,0,0,0,0,0,0,0,0,0,0,0,0,0,0,0,0,0,0,0,0,0,0,0,0,0,0,0,0,0,0,0,0,0,0,0,0,0,0,0,0,0,0,0,0,0,0,0,0,0,0,0,0,0,0,0,0,0,0,1.928,0,0,0,0,0,0,0,0,0,0,0,0,0,0,0,0,0,0,0,0,0,0,0,0,2.19661419142857,0,0,0,0,0,0,0,0,2.656191879,0,0,0,0,0,1.92510443571429,0,0,0,0,0,0,0,0,0,0,0,0,0,0,0,1.8285018982,0,0,0,0,0,0,0,0,0,0,0,0,0,0,0,0,0,0,0,0,0,0,0,0,0,0,0,0,0,0,0,0,0,0,0,0,0,0,0,0,0,0,0,0,0,0,0,0,0,0,0,0,0,0,0,1.5200789475,0,0,0,0,0,0,0,0,1.752,0,0,0,0,0,0,0,0,0,0,0,0,0,0,0,0,0,1.728,0,0,0,0,0,0,0,0,0,0,0,0,0,0,0,0,0,2.8512719065,0,0,0,0,0,0,0,0,0,0,0,0,0,0,0,0,0,0,0,0,0,0,0,0,0,0,0,2.475953981,0,0,0,0,0,0,0,0,0,0,0,0,0,0,0,0,0,0,0,0,0,0,0,0,0,0,0,0,3.888938776,0,0,0,0,0,0,0,0,0,0,0,0,0,0,0,0,0,0,0,0,0,0,0,0,0,0,0,0,0,0,0,0,0,0,0,0,0,0,0,0,0,0,0,0,0,0,0,0,0,0,0,0,0,0,0,0,0,0,0,0,0,0,0,0,0,0,0,0,0,0,0,0,0,0,0,0,0,0,0,0,0,3.268087673,0,0,0,0,0,0,3.3016584375,0,0,0,0,0,0,0,0,0,0,0,0,0,0,0,1.58270958666667,0,0,0,0,0,0,0,0,0,0,0,0,0,0,0,0,0,0,0,0,0,0,0,0,0,0,0,0,2.527618365,0,0,0,0,0,0,0,0,0,0,0,0,0,2.0256,0,0,0,0,0,0,0,0,0,0,0,0,0,0,0,0,0,0,4.156783103,0,2.292,0,0,0,0,0,0,0,0,0,0,0,0,2.0544,0,0,0,0,0,0,0,0,0,0,0,0,0,0,0,0,0,0,0,0,0,0,0,0,0,0,0,0,0,0,0,0,0,0,0,0,0,0,0,0,0,0,0,0,0,0,0,0,0,0,0,0,0,0,0,0,0,0,0,0,0,0,0,0,0,0,0,0,0,0,0,0,0,0,0,0,0,0,0,0,0,0,0,0,0,0,0,0,0,0,0,0,0,0,0,0,0,0,0,0,0,0,0,0,0,0,0,0,0,0,0,0,0,0,0,0,0,0,0,0,0,0,0,0,0,0,0,0,0,0,0,0,0,0,0,0,0,0,0,0,0,0,0,0,0,0,0,0,0,0,0,0,0,0,0,0,0,0,0,0,0,0,0,0,0,0,0,0,0,0,0,0,0,0,0,0,0,0,0,0,0,0,0,0,0,0,0,0,0,0,0,0,0,0,0,0,0,0,0,0,0,0,0,0,0,0,0,0,0,0,0,0,0,0,0,0
"8",0,0,0,0,0,0,0,0,0,0,0,0,0,0,0,0,0,0,0,0,0,0,0,0,0,0,0,0,0,1.589346389,0,0,0,0,0,0,0,0,0,0,0,0,0,0,0,0,0,0,0,0,0,0,0,0,0,0,0,0,0,0,0,0,2.584107424,0,0,0,0,0,0,0,0,0,0,0,0,0,0,0,0,0,0,0,0,0,0,0,0,0,0,0,0,0,0,0,0,0,0,0,0,0,0,0,0,0,0,0,0,0,3.372252324,0,0,0,0,0,0,0,0,0,0,0,0,0,0,0,0,0,0,0,0,0,0,0,2.954877324,0,0,0,0,0,0,0,0,0,0,0,0,0,0,0,3.4593705285,0,0,0,0,1.8192,3.4721449535,0,3.60294235,0,0,0,0,0,0,0,2.802806518,0,0,0,0,0,0,2.192532428,0,2.168,0,0,0,0,0,0,0,0,0,0,0,0,0,0,4.917754722,0,0,0,0,3.4,0,0,0,0,0,0,0,0,0,0,0,0,0,0,0,0,0,0,0,0,0,0,2.00725331285714,0,0,0,0,0,0,0,0,0,0,0,0,0,0,0,0,0,0,0,0,0,0,0,0,0,0,2.114722522,0,0,0,0,0,0,1.531533976,0,0,0,0,0,2.11666486166667,0,0,0,1.9152,0,1.9296,0,0,0,0,0,0,0,0,0,0,0,0,0,0,0,2.106718235,1.83979208285714,0,2.180840198,1.81110898166667,0,0,0,2.976,3.2,0,0,0,0,0,0,0,0,0,0,0,0,0,0,0,0,0,0,0,0,0,2.698261657,2.26371773,0,0,0,0,0,0,0,0,0,0,0,0,0,0,0,0,3.459364041,0,0,0,0,0,2.8586788425,0,0,1.9056,0,0,0,0,2.944,0,0,0,0,0,0,0,0,0,0,0,0,0,0,0,0,0,0,0,0,0,0,0,0,0,0,0,0,0,0,0,0,0,0,0,0,0,0,0,0,0,0,0,2.112,1.794,0,0,0,0,0,0,0,0,0,0,0,0,0,0,0,0,0,0,0,0,0,0,0,0,0,0,0,0,0,0,0,0,0,0,0,0,0,0,0,0,0,0,0,0,0,0,0,0,0,0,0,0,0,0,1.908,0,0,0,0,0,0,0,0,0,0,0,0,0,0,0,0,0,0,0,0,0,0,0,0,0,0,0,0,0,0,0,0,0,0,0,0,0,0,0,0,1.928,0,0,0,0,0,0,0,0,0,0,0,0,0,0,0,0,0,0,3.798310773,0,0,0,0,0,2.19661419142857,0,0,0,0,0,0,0,0,2.656191879,0,0,0,0,0,1.92510443571429,0,0,0,0,0,0,0,0,0,0,0,0,0,0,0,1.8285018982,0,0,0,0,0,0,0,0,2.115411062,0,0,0,0,0,0,0,0,0,0,0,0,0,0,0,0,0,0,0,0,0,0,0,0,0,0,0,0,0,0,0,0,0,0,2.55,0,0,0,0,0,0,0,0,0,0,0,1.5200789475,0,0,0,0,0,0,0,0,0,0,0,0,0,0,0,0,0,0,0,0,0,0,0,0,0,0,0,0,0,0,0,0,0,0,0,0,0,0,0,0,4.842781855,0,0,0,2.8512719065,1.828262674,3.470911639,0,0,0,0,0,0,0,0,0,1.656639656,0,0,0,2.977130246,0,0,0,0,3.015330184,0,0,0,2.989743981,0,0,0,0,0,0,0,0,0,0,0,0,0,0,0,0,0,0,0,0,0,0,0,0,0,0,0,0,0,0,0,0,0,0,0,0,0,0,0,0,0,0,0,3.247678479,0,0,0,0,0,0,0,0,0,0,0,0,0,0,0,0,0,3.004917207,0,0,0,0,0,0,0,0,0,0,0,0,0,0,0,0,0,0,3.266119104,0,0,0,0,0,0,4.009101271,0,0,0,0,0,0,2.619108919,0,0,0,0,0,0,0,0,0,0,0,0,0,0,0,0,0,0,3.268087673,2.394496284,0,0,0,0,0,3.3016584375,0,0,0,0,0,0,0,0,0,0,0,0,0,0,0,0,3.44895667666667,0,0,0,0,0,0,0,0,0,0,0,0,0,0,0,0,0,0,0,0,2.198174423,0,0,3.5264501005,0,0,0,2.527618365,0,0,0,0,0,0,0,0,0,0,0,0,0,2.0256,0,0,0,0,0,0,0,0,0,0,0,0,0,0,0,0,0,0,0,0,2.292,0,0,3.542386457,0,0,0,0,0,0,0,0,0,2.0544,0,0,0,0,0,0,0,0,0,0,0,0,0,0,0,0,0,0,0,0,0,0,0,0,0,0,0,0,0,0,0,0,0,0,0,0,0,0,0,0,0,0,0,0,0,0,0,0,0,0,0,0,0,0,0,0,0,0,0,0,0,0,0,3.46779643333333,0,0,0,0,0,0,0,0,0,0,0,0,0,0,0,0,0,0,0,0,0,0,0,0,0,0,0,0,0,0,0,0,0,0,0,0,0,0,0,0,0,0,0,0,0,0,0,0,0,0,0,0,0,0,0,0,0,0,0,0,0,0,0,0,0,0,0,0,0,0,0,0,0,0,0,0,0,0,0,0,0,0,0,0,0,0,0,0,0,0,0,0,0,0,0,0,0,0,0,0,0,0,0,0,0,0,0,0,0,0,0,0,0,0,0,0,0,0,0,0,0,0,0,0,0,0,0,0,0,0,0,0,0,0,0,0,0,0,0,0,0,0,0,0,0,0,0,0,0,0,0,0
"9",0,0,0,0,0,0,0,0,0,0,0,0,0,0,0,0,0,0,0,0,0,0,0,0,0,0,0,0,0,0,0,0,0,0,0,0,0,0,0,0,0,0,0,0,2.64,0,0,0,0,0,0,0,0,0,0,0,0,0,0,0,0,0,2.584107424,0,0,0,0,0,0,0,0,0,0,0,0,0,0,0,0,0,0,0,0,0,0,0,0,0,0,0,0,0,0,0,0,0,0,0,0,0,0,0,0,0,0,0,0,0,0,0,0,0,0,0,0,0,0,0,0,0,0,0,0,4.069207829,0,0,0,0,0,0,0,0,2.954877324,0,0,0,0,0,0,0,0,0,0,0,0,0,0,0,0,0,0,0,0,1.8192,3.4721449535,0,3.60294235,0,1.844509097,0,0,0,0,0,0,0,0,0,0,0,0,2.192532428,0,0,0,0,0,0,0,3.704275112,0,0,0,0,0,0,0,0,0,0,0,0,0,3.4,0,0,0,0,0,0,0,0,0,0,0,0,0,0,0,0,0,0,0,0,0,0,2.00725331285714,0,0,0,0,0,0,0,0,0,0,0,0,0,0,0,0,0,0,0,0,0,0,0,0,0,0,2.114722522,0,0,0,0,0,0,1.531533976,0,0,0,0,0,2.11666486166667,0,0,0,1.9152,0,1.9296,0,0,0,0,0,0,0,0,0,0,0,0,0,0,0,2.106718235,1.83979208285714,0,2.180840198,1.81110898166667,0,0,0,2.976,3.2,0,0,0,0,0,0,0,0,0,0,0,0,0,0,0,0,0,0,0,0,0,0,2.26371773,0,0,0,0,0,0,0,0,0,0,0,0,0,0,0,0,3.459364041,0,0,0,0,0,2.8586788425,0,0,1.9056,0,0,0,3.44,2.944,0,0,0,0,0,0,0,0,0,0,0,0,0,0,0,0,0,0,0,0,0,0,0,0,0,0,0,0,0,0,0,0,0,0,0,0,0,0,0,0,0,0,0,0,1.794,0,0,0,0,0,0,0,0,2.0304,0,0,0,0,0,0,0,0,0,0,0,0,0,0,0,0,0,0,0,0,0,0,0,0,0,0,0,0,0,0,0,0,0,0,0,0,0,0,0,0,0,0,0,0,0,1.908,0,0,0,0,0,0,0,0,0,0,0,3.032,0,0,0,0,0,0,0,0,0,0,0,0,0,0,0,0,0,0,0,0,0,0,0,0,0,0,0,0,1.928,2.12,0,0,0,0,0,0,0,0,0,0,0,0,0,0,0,0,0,0,0,0,0,0,0,2.19661419142857,0,0,3.176,0,0,0,0,0,0,0,0,0,0,0,1.92510443571429,0,0,0,0,0,0,0,0,0,0,0,0,0,0,0,1.8285018982,0,0,0,0,0,0,2.88,0,2.115411062,0,0,0,0,0,0,0,0,0,0,0,0,0,0,0,0,0,0,0,0,0,0,0,0,0,0,0,0,0,0,0,0,0,0,2.55,0,0,0,0,0,0,0,0,0,0,0,0,0,0,2.442813196,0,0,0,0,0,0,0,0,0,0,0,0,0,0,3.0127417475,0,0,0,0,0,0,0,0,0,0,0,0,0,0,0,0,0,0,0,0,0,0,0,0,0,0,0,0,0,0,0,0,0,0,0,0,0,0,1.656639656,0,0,0,0,0,0,0,0,3.015330184,0,0,0,0,0,0,0,0,0,0,0,0,0,0.842583995,0,0,0,2.944,0,0,0,0,0,0,0,0,0,0,0,0,0,0,0,0,0,0,0,0,0,0,0,0,0,0,0,0,0,3.247678479,0,0,0,0,0,0,0,0,0,0,2.307045504,0,0,0,0,0,0,3.004917207,0,0,0,0,0,0,0,0,0,0,0,0,0,0,3.144,0,0,0,3.266119104,0,0,0,0,0,0,0,0,0,0,0,0,0,2.619108919,0,0,0,0,0,0,0,0,0,0,0,0,0,0,0,0,0,0,0,0,2.535163043,3.3598947655,0,0,0,0,0,0,0,0,0,0,0,0,0,0,0,0,0,0,0,0,3.44895667666667,0,0,0,0,0,0,0,1.836,0,0,0,0,2.626053866,0,0,0,0,0,0,0,0,0,0,3.5264501005,0,0,0,2.527618365,0,0,0,0,0,0,0,0,0,0,0,2.05333333333333,0,2.0256,0,0,0,0,0,0,0,0,0,0,0,0,0,0,0,0,0,0,0,0,0,1.842583892,0,0,0,0,0,3.269120906,0,0,0,0,0,2.0544,0,0,0,0,0,0,0,0,0,0,0,0,0,0,0,0,0,0,0,0,0,0,0,3.030427802,0,0,0,0,0,0,0,0,0,0,0,0,0,2.389169729,0,0,0,0,0,0,0,0,0,0,0,1.548,1.896,0,0,0,0,0,0,0,0,3.708653354,0,0,0,3.46779643333333,0,0,0,0,0,2.094,0,0,0,0,0,0,0,0,0,0,0,0,0,0,0,0,0,0,0,0,0,0,0,0,0,0,0,0,0,0,0,0,0,0,0,0,0,0,0,0,0,0,0,0,0,0,0,0,0,0,0,0,0,0,0,0,0,0,0,0,0,0,0,0,0,0,0,0,0,0,0,0,0,0,0,0,0,0,0,0,0,0,0,0,0,0,0,0,0,0,0,0,0,0,0,0,0,0,0,0,0,0,0,0,0,0,0,0,0,0,0,0,0,0,0,0,0,0,0,0,0,0,0,0,0,0,0,0,0,0,0,0,0,0,0,0,0,0,0,0,0,0,0,0,0,0
"10",0,0,0,0,0,0,0,0,0,0,0,0,0,0,0,0,0,0,0,0,0,0,0,0,0,0,0,0,0,0,0,0,0,0,0,0,0,0,0,0,0,0,0,0,2.64,0,0,0,0,0,0,0,0,0,0,0,0,0,0,0,0,0,2.584107424,0,0,0,0,0,0,0,0,2.424,0,0,0,0,0,0,0,0,0,0,0,0,0,0,0,0,0,0,2.21434098,0,0,0,0,0,0,0,0,0,0,0,0,0,0,0,0,0,0,2.913273333,0,0,0,0,0,0,0,0,0,0,0,0,0,0,0,0,0,0,0,0,0,0,2.954877324,0,0,0,0,0,0,0,0,0,0,0,0,0,0,0,0,0,0,0,0,1.8192,0,1.5,3.60294235,0,0,0,0,0,0,0,0,3.042491682,0,0,0,0,0,2.192532428,0,0,2.008,0,0,0,2.1,0,0,0,0,0,0,0,0,0,0,0,0,0,0,3.4,0,0,0,0,0,0,0,2.6689369295,0,0,0,0,0,0,0,0,0,0,0,0,0,0,2.00725331285714,0,0,0,0,0,0,0,0,0,0,0,0,0,0,0,0,0,0,0,0,0,0,0,0,0,0,2.114722522,0,0,0,0,0,0,1.531533976,0,0,0,0,0,2.11666486166667,0,0,0,1.9152,0,1.9296,0,0,2.016,0,1.9296,0,0,0,0,2.326202593,0,0,0,0,0,2.106718235,1.83979208285714,0,2.180840198,1.81110898166667,0,0,0,2.976,0,0,0,0,0,0,0,0,4.656,0,0,0,0,0,0,0,0,0,0,0,0,0,0,0,3.59838831666667,0,0,0,0,0,0,0,0,0,0,0,0,0,0,0,0,2.5141238555,0,0,0,0,2.8586788425,2.573852845,0,1.9056,0,0,0,3.44,2.944,0,3.528,0,0,0,0,0,0,0,0,0,0,0,0,0,0,0,0,0,0,0,0,0,0,0,0,0,0,0,0,0,0,0,0,0,0,0,0,0,0,0,0,0,0,1.794,0,0,0,0,0,0,0,0,2.0304,0,0,0,0,0,0,0,0,0,0,0,0,0,0,0,0,0,0,0,0,0,0,0,0,0,0,0,0,0,0,0,0,0,0,0,0,0,0,0,0,0,0,0,0,0,1.908,0,0,0,0,0,0,0,0,0,0,0,3.032,0,0,0,0,0,0,0,0,0,0,0,0,0,0,0,2.8,0,0,0,0,2.975152136,0,0,0,0,0,0,0,0,2.12,0,0,0,0,0,0,0,0,0,0,0,0,0,0,0,0,0,0,0,0,0,0,0,2.19661419142857,0,0,3.176,0,0,0,0,0,0,0,0,0,0,0,1.92510443571429,0,0,0,0,0,0,0,0,0,0,0,0,0,0,0,1.8285018982,0,0,1.968,0,0,0,0,0,2.115411062,0,0,0,0,0,0,0,0,0,0,0,0,0,0,0,0,0,0,0,0,0,0,0,0,0,0,0,0,0,0,0,0,0,0,2.55,0,0,0,0,0,0,0,0,0,0,0,0,0,0,0,0,0,0,0,0,0,0,0,0,0,2.062719252,0,0,0,3.0127417475,0,0,0,0,2.901209375,2.24,0,0,0,0,0,0,0,0,0,0,0,0,0,0,0,0,0,0,0,0,0,0,0,0,0,0,0,0,0,2.736,0,0,1.656639656,0,0,2.813560137,0,0,0,0,0,0,0,2.782374868,0,0,0,0,0,0,0,0,0,0,0,0,2.747072954,0,0,2.944,0,0,0,0,0,1.692,0,0,0,0,0,0,0,0,0,0,0,0,0,0,0,0,0,2.787474228,0,0,0,0,0,0,0,0,0,0,0,0,0,0,0,0,0,0,0,0,0,0,0,0,0,0,0,0,0,0,0,0,0,0,0,2.831928149,0,0,0,0,0,0,0,0,0,0,0,0,0,0,0,0,0,0,0,0,0,0,0,0,0,0,0,0,0,0,0,0,0,0,2.016,0,0,0,0,0,0,0,3.3598947655,0,0,3.189470323,0,0,0,0,0,0,0,0,0,0,0,0,0,0,0,0,0,3.44895667666667,0,0,0,0,0,0,0,1.836,0,0,0,0,0,0,0,0,0,0,0,0,0,0,0,0,0,0,0,0,0,0,0,0,0,0,0,0,0,0,0,2.05333333333333,0,2.0256,0,0,0,0,3.490188218,0,0,0,0,0,0,0,0,0,0,0,0,0,0,0,0,1.842583892,0,0,0,0,0,0,0,0,0,0,0,2.0544,0,0,0,0,0,0,0,0,0,0,0,0,0,0,0,0,0,0,0,0,0,0,0,3.030427802,0,0,0,0,0,0,0,0,0,0,0,0,0,0,0,0,0,0,0,0,0,0,2.50165458,0,0,1.548,1.896,0,0,3.632,0,0,0,0,0,0,0,0,0,3.46779643333333,0,0,0,0,0,2.094,0,0,0,0,0,0,0,0,0,0,0,0,0,0,0,0,0,0,0,0,0,0,0,0,0,0,0,0,0,0,0,0,0,0,0,0,0,0,0,0,0,0,0,0,0,0,0,0,0,0,0,0,0,0,0,0,0,0,0,0,0,0,0,0,0,0,0,0,0,0,0,0,0,0,0,0,0,0,0,0,0,0,0,0,0,0,0,0,0,0,0,0,0,0,0,0,0,0,0,0,0,0,0,0,0,0,0,0,0,0,0,0,0,0,0,0,0,0,0,0,0,0,0,0,0,0,0,0,0,0,0,0,0,0,0,0,0,0,0,0,0,0,0,0,0,0
"11",0,0,0,0,0,0,0,0,0,0,0,0,0,0,0,0,0,0,0,0,0,0,0,0,0,0,0,1.736,0,0,0,0,0,0,0,0,0,0,0,0,0,1.884,0,0,2.64,0,0,0,0,0,0,0,1.888,0,0,0,0,1.998,0,0,0,0,2.584107424,0,0,0,0,0,3.957128389,2.568864402,0,0,0,2.0510103165,0,0,0,0,0,0,0,1.96260685666667,0,0,0,0,0,0,0,0,0,0,3.853580468,0,0,0,0,0,0,0,1.887,0,0,0,0,0,0,0,0,0,2.846818273,0,0,0,0,0,0,0,0,0,0,0,0,0,0,0,0,0,0,0,0,0,2.954877324,0,0,0,2.888,0,0,0,0,0,0,0,0,0,0,0,0,0,0,0,0,1.8192,0,1.5,3.60294235,0,0,0,0,0,0,0,0,0,0,0,0,0,0,0,0,0,2.008,0,0,0,2.1,0,0,0,0,0,0,0,0,0,0,0,0,0,0,0,2.28,0,0,0,0,0,3.689139706,2.6689369295,0,0,1.87559434,0,0,0,0,0,0,0,0,0,0,0,2.00725331285714,0,2.936,0,0,0,0,0,0,0,0,0,0,0,2.427042222,3.4646994,0,0,0,0,0,0,0,0,0,0,0,0,0,0,0,0,0,0,1.531533976,0,3.444735972,0,2.270797534,0,2.11666486166667,0,0,0,1.9152,0,1.9296,0,0,2.016,0,1.9296,0,0,0,0,0,0,0,2.483305715,0,0,2.106718235,1.83979208285714,0,2.180840198,1.81110898166667,0,0,0,0,0,0,0,3.466447878,0,0,0,0,4.656,0,3.167547295,0,0,0,0,0,0,0,0,0,0,0,0,0,3.59838831666667,0,0,0,0,0,0,0,0,0,0,0,0,0,0,0,0,2.5141238555,0,0,0,0,2.8586788425,2.573852845,0,1.9056,0,0,0,3.44,0,0,3.528,0,0,0,0,0,0,0,0,0,0,2.824237723,0,0,0,0,0,0,0,0,0,2.789329475,0,0,0,0,0,0,0,0,0,0,0,0,0,0,0,0,0,0,0,0,0,1.794,0,0,0,0,0,0,0,0,2.0304,0,0,0,0,0,0,0,0,0,0,0,0,0,0,0,0,2.579088794,0,0,0,0,0,0,0,0,0,0,0,0,0,0,0,0,0,0,0,0,0,0,0,0,0,0,0,0,1.908,0,0,2.88,0,0,0,0,0,0,0,0,3.032,0,0,0,0,0,0,0,0,0,0,0,0,0,0,0,2.8,0,0,0,0,2.975152136,0,0,0,0,0,0,0,0,2.12,0,0,0,2.2429593165,0,0,0,0,0,0,0,0,0,0,0,0,0,0,0,0,0,0,0,2.19661419142857,0,0,3.176,0,0,0,0,0,0,0,0,0,0,0,1.92510443571429,0,0,0,0,0,0,0,0,0,0,0,0,0,0,0,1.8285018982,0,0,1.968,0,0,0,0,0,2.115411062,0,0,0,0,0,0,0,0,0,0,0,0,0,0,0,0,0,0,0,0,1.551344559,0,0,0,0,0,0,0,0,0,0,0,0,0,2.55,0,0,0,0,0,0,0,0,0,0,0,0,0,0,0,2.906874769,0,0,0,0,0,0,0,2.2203866665,0,0,0,0,0,3.0127417475,0,0,0,0,0,2.24,0,0,0,0,0,0,0,0,0,0,0,0,0,0,0,0,0,0,0,0,0,0,0,0,0,0,0,0,0,2.736,0,0,1.656639656,0,0,2.813560137,0,0,4.32,0,0,0,0,2.782374868,0,0,0,0,0,0,0,0,0,0,0,0,0,0,0,2.944,0,0,0,0,0,1.692,0,0,0,0,0,0,0,0,0,0,0,0,0,0,0,0,0,0,2.35604881,0,0,0,0,0,0,0,0,0,0,0,0,0,0,0,0,0,0,0,0,3.46018630666667,0,0,0,0,0,3.050946871,3.864,0,0,0,0,0,0,2.831928149,0,0,0,0,0,0,0,0,0,3.385289116,0,0,0,0,0,0,3.0797507815,0,0,0,0,0,0,0,0,0,0,0,0,0,0,0,0,0,2.016,0,0,0,0,0,0,0,0,0,0,0,0,0,0,0,0,0,0,0,0,0,0,0,0,0,0,0,0,0,0,0,0,0,3.0624284065,0,0,1.836,0,0,3.341952778,0,0,2.8582111685,0,2.91366148,0,0,3.199094008,0,0,2.95527317,0,0,0,0,3,0,0,0,0,0,0,0,2.17142857142857,0,0,0,0,2.05333333333333,0,2.0256,0,0,0,2.088,0,3.640136327,0,0,0,0,0,0,0,0,0,0,0,2.07416447366667,0,0,0,0,0,0,0,0,0,0,0,0,0,0,0,2.0544,0,0,0,0,0,0,0,0,0,0,0,0,0,0,0,0,0,0,0,0,0,0,0,3.030427802,0,0,0,0,0,0,0,0,0,0,0,0,0,0,0,0,0,0,0,0,0,0,0,0,0,0,0,2.01,0,3.632,0,0,0,0,0,0,0,0,0,0,0,0,0,0,0,2.094,0,0,0,0,0,0,0,0,0,0,0,0,0,0,0,0,0,0,0,0,0,0,0,0,0,0,0,0,0,0,0,0,0,0,0,0,0,0,0,0,0,0,0,0,0,0,0,0,0,0,0,0,0,0,0,0,0,0,0,0,0,0,0,0,0,0,0,0,0,0,0,0,0,0,0,0,0,0,0,0,0,0,0,0,0,0,0,0,0,0,0,0,0,0,0,0,0,0,0,0,0,0,0,0,0,0,0,0,0,0,0,0,0,0,0,0,0,0,0,0,0,0,0,0,0,0,0,0,0,0,0,0,0,0,0,0,0,0,0,0,0,0,0,0,0,0
"12",0,0,0,0,0,0,0,0,0,0,0,0,0,0,0,0,0,0,0,0,0,0,0,0,0,0,0,1.736,0,0,0,0,0,0,0,0,0,0,0,0,0,1.884,0,0,0,0,0,0,0,0,0,0,1.888,0,0,0,0,1.998,0,0,0,0,2.584107424,0,0,0,0,0,0,2.568864402,0,0,0,2.0510103165,0,3.53877218,0,0,0,0,0,1.96260685666667,0,0,0,0,0,0,0,0,0,0,0,0,0,0,0,0,0,0,1.887,0,0,0,0,0,0,0,0,0,2.846818273,2.424,0,0,0,0,0,0,0,0,0,0,0,0,0,0,0,0,0,0,0,0,0,0,0,0,2.888,0,0,0,0,0,0,0,0,0,2.172,0,0,0,0,0,0,0,0,0,0,0,0,0,0,0,0,0,0,0,0,0,0,0,0,0,0,0,2.008,0,0,0,2.1,0,0,0,0,0,0,0,0,0,0,0,0,0,0,0,2.28,0,1.929294264,0,0,0,0,0,0,0,0,2.087768618,0,0,0,0,0,0,0,0,0,0,2.00725331285714,0,2.936,0,0,0,0,0,0,0,0,0,0,0,0,3.4646994,0,0,0,0,0,0,0,0,2.448,0,0,0,0,0,0,0,0,0,0,0,0,0,2.270797534,0,2.11666486166667,0,0,0,1.9152,0,1.9296,0,0,2.016,0,1.9296,0,0,1.9728,0,0,0,0,0,0,0,2.106718235,1.83979208285714,0,2.180840198,1.81110898166667,0,0,0,0,0,0,0,0,0,0,0,0,0,0,3.167547295,0,0,0,0,0,4.009150881,0,0,0,1.799071094,0,0,0,3.59838831666667,0,0,0,0,0,0,0,0,0,0,0,0,0,0,0,0,0,0,0,0,0,0,0,0,1.9056,0,3.776842273,0,0,0,0,3.528,0,0,0,0,0,0,0,0,0,0,0,0,0,0,0,3.058037118,0,0,0,0,0,0,0,0,0,0,0,0,0,0,0,0,0,0,0,0,0,2.530130159,0,0,0,0,0,0,0,0,0,0,0,0,0,2.0304,0,0,0,0,0,0,1.12,0,0,0,0,0,0,0,0,0,2.579088794,0,0,0,0,0,0,0,0,0,0,0,0,0,0,0,0,0,0,0,0,0,0,0,0,0,0,0,0,1.908,0,0,0,0,0,0,0,0,0,0,0,0,0,0,0,0,0,4.104,0,0,2.852633074,0,0,0,1.622535477,1.296,0,0,0,0,0,0,2.975152136,0,0,0,0,0,0,0,0,2.12,0,0,0,2.2429593165,0,0,0,0,0,0,0,0,0,0,3.035038265,0,0,0,0,0,0,0,0,2.19661419142857,0,0,0,0,0,0,0,0,0,0,0,0,0,0,1.92510443571429,0,0,0,3.84,0,0,0,0,2.752,0,2.773610522,0,0,0,0,0,0,0,1.968,0,0,0,0,0,2.115411062,0,0,0,0,0,0,0,0,0,0,0,0,0,0,0,0,0,0,0,0,0,0,0,0,2.808192396,0,0,0,0,0,0,0,0,0,0,0,0,0,0,0,0,0,0,0,0,0,0,0,0,0,0,0,0,0,0,0,0,0,2.2203866665,0,0,1.5585750695,0,0,3.0127417475,0,0,0,0,0,2.24,0,0,0,0,0,0,0,0,0,0,0,0,0,3.636708044,0,0,0,1.992,0,0,0,0,0,0,0,0,0,0,0,2.736,0,0,0,0,0,0,0,0,4.32,0,3.256918706,0,0,0,0,0,0,0,0,3.5285963405,0,0,0,3.172551008,0,0,0,0,0,0,0,0,0,0,0,0,0,0,0,0,0,0,0,0,1.974,0,0,0,0,0,0,0,0,0,0,0,0,0,0,0,0,0,0,0,0,0,0,0,0,0,0,2.053168421,0,0,0,3.46018630666667,0,0,0,0,0,3.050946871,3.864,0,0,0,0,0,0,0,0,0,0,0,3.1347406895,0,0,0,0,3.385289116,0,0,3.506460355,0,2.1312,0,3.0797507815,0,0,0,0,0,0,0,0,0,0,0,0,0,0,0,0,0,2.016,0,0,0,0,0,0,0,0,0,0,0,0,0,0,0,0,0,0,0,0,0,0,0,0,0,2.584,0,0,0,0,0,0,0,3.0624284065,0,0,1.836,0,0,3.341952778,0,0,2.8582111685,0,0,0,0,3.199094008,0,0,2.95527317,0,0,0,0,3,0,0,0,4.188,0,0,0,2.17142857142857,0,0,0,0,2.05333333333333,0,0,0,0,0,2.088,0,3.640136327,0,0,2.523942857,0,0,0,0,0,0,0,0,2.07416447366667,0,0,0,0,0,0,3.7584416,0,0,0,2.151797096,0,0,0,0,0,0,0,0,0,0,0,0,2.059255625,0,0,0,0,0,0,0,0,0,3.965048309,0,0,0,0,0,3.030427802,0,0,0,0,0,0,0,0,0,0,0,0,0,0,0,0,0,0,0,0,0,0,0,0,0,0,0,2.01,0,3.632,0,0,0,0,0,0,0,0,0,0,0,0,0,0,0,2.094,0,0,0,0,0,0,0,0,0,0,0,0,0,0,0,0,0,0,0,0,0,0,0,0,0,0,0,0,0,0,0,0,0,0,0,0,0,0,0,0,0,1.836,0,0,0,0,0,0,0,0,0,0,0,0,2.008,0,0,0,0,0,0,0,0,0,0,0,0,0,0,0,0,0,0,0,0,0,0,0,0,0,0,0,0,0,0,0,0,0,0,0,0,0,0,0,0,0,0,0,0,0,0,0,0,0,0,0,0,0,0,0,0,0,0,0,0,0,0,0,0,0,0,0,0,0,0,0,0,0,0,0,0,0,0,0,0,0,0,0,0,0,0,0,0,0,0,0
"13",0,0,0,0,0,0,0,3.3237316665,0,0,0,0,0,0,0,0,0,0,0,0,0,0,0,0,0,0,0,1.736,0,0,0,0,0,0,0,0,1.9248,0,0,0,0,0,0,0,0,0,0,0,0,0,0,1.56,1.888,4.044,0,0,0,1.998,0,0,0,0,0,0,0,0,0,2.496,0,0,0,0,0,0,0,3.53877218,0,1.596,0,0,0,1.96260685666667,0,0,0,0,0,0,0,0,0,0,0,0,0,0,0,0,0,0,1.887,0,0,0,0,0,0,0,0,0,0,0,4.484369729,0,0,0,0,2.34762439266667,0,0,0,0,0,0,0,0,0,0,0,0,0,0,0,0,0,0,2.888,0,0,0,0,0,0,0,0,0,2.172,0,0,0,0,0,0,0,0,0,0,0,0,0,0,0,0,0,0,0,0,0,0,0,0,0,0,0,0,0,0,0,2.1,0,0,0,0,0,0,0,0,0,0,0,0,0,0,0,0,0,0,0,0,0,0,0,0,0,0,0,0,0,0,2.1375279375,0,2.431168837,0,0,0,0,0,0,2.936,0,0,0,0,0,0,0,0,0,0,3.1378813225,0,3.4646994,0,0,0,0,0,0,0,0,0,0,0,0,0,0,0,0,0,0,0,0,0,0,2.270797534,0,2.11666486166667,0,0,0,0,0,0,0,0,2.016,0,1.9296,0,0,1.9728,0,0,0,0,0,0,0,2.106718235,1.83979208285714,0,0,1.81110898166667,0,0,0,0,0,0,0,0,4.112666992,0,0,0,0,0,0,0,3.688,0,0,0,0,0,0,0,0,0,0,0,0,4.749749775,0,0,0,0,0,0,0,0,0,0,0,0,0,0,0,0,2.7566921775,0,0,0,0,0,0,0,0,0,0,0,0,0,0,0,0,0,0,0,3.016,0,0,2.527114888,0,0,0,0,0,0,0,3.230370603,0,0,0,0,0,0,0,0,0,0,0,0,0,0,0,3.68,0,0,0,0,0,0,0,0,0,0,0,0,0,0,0,0,0,0,2.0304,0,0,0,0,0,0,0,0,0,0,0,0,0,0,0,0,0,3.724218782,0,0,0,0,0,0,0,0,0,0,0,0,0,0,0,0,0,0,2.7532436425,0,0,0,0,0,0,0,0,1.908,0,0,0,0,0,1.707259236,0,0,0,0,0,0,0,0,0,0,0,4.104,0,0,0,0,0,0,0,0,0,0,2.218456164,3.119229261,0,0,2.975152136,0,0,0,0,0,0,0,0,2.12,3.9,2.604,0,0,1.792,0,0,0,0,0,0,0,0,0,0,0,0,0,1.986,0,0,0,0,2.19661419142857,0,0,0,0,0,0,0,0,0,0,0,0,0,0,1.92510443571429,0,0,0,0,0,0,0,0,2.752,0,0,0,0,0,0,0,0,0,0,1.9104,0,0,0,0,0,0,0,0,0,2.242380284,0,0,0,0,0,0,0,3.5351063815,0,0,0,0,0,0,0,0,2.033640935,0,0,2.808192396,0,0,0,0,0,0,0,0,2.28,0,0,0,0,0,0,0,0,0,0,0,0,0,0,0,0,0,0,0,0,0,0,1.8720191665,0,0,0,0,1.5585750695,0,0,0,0,0,0,0,0,0,0,0,0,0,0,0,0,0,0,0,0,0,0,0,0,0,0,1.992,0,0,0,0,0,0,0,0,0,0,0,0,0,0,0,0,0,0,0,2.16,0,0,0,0,0,0,0,0,0,0,0,3.5285963405,0,0,0,3.172551008,0,0,0,0,0,0,0,0,0,0,0,0,0,0,0,0,0,0,0,0,1.974,0,0,0,0,0,0,0,0,0,0,0,0,0,0,0,0,0,0,2.9942684885,0,0,3.068439321,0,0,0,0,0,0,0,0,3.46018630666667,0,0,0,0,0,0,0,0,0,0,0,0,0,0,0,0,0,0,3.1347406895,0,0,2.440182963,0,0,0,0,3.506460355,0,2.1312,0,0,0,2.9916795455,0,0,0,0,0,0,0,0,0,0,0,0,0,0,2.06,0,0,0,0,0,0,0,0,0,0,0,0,0,0,0,0,0,0,0,0,0,0,0,0,0,0,2.584,0,0,0,2.77333333333333,0,0,0,0,0,0,0,0,0,0,0,0,0,0,0,0,0,0,0,0,0,0,0,0,3.49653201,3,0,0,0,4.188,0,0,0,2.17142857142857,0,0,3.2836470485,0,2.05333333333333,0,0,0,0,0,2.088,0,0,0,0,0,0,0,0,0,3.298712098,0,0,0,2.07416447366667,0,0,0,0,0,0,3.7584416,0,0,0,0,0,0,0,0,0,0,0,0,0,1.939763492,0,0,2.059255625,0,0,0,0,0,0,0,0,0,0,0,0,0,0,0,3.030427802,0,0,0,0,0,0,0,0,0,0,0,0,0,0,0,0,0,0,0,0,0,0,0,2,0,0,0,2.01,0,0,0,0,0,0,0,0,0,0,0,0,0,0,0,0,0,0,0,0,0,0,0,0,0,0,0,0,0,0,0,0,0,0,0,0,0,0,0,0,0,0,0,0,0,0,0,0,0,0,0,0,0,0,0,0,0,0,0,1.836,3.904498021,0,0,0,0,0,0,0,0,0,0,0,2.008,0,0,0,0,0,0,0,0,0,0,0,0,0,0,0,0,0,0,0,0,0,0,0,0,0,0,0,0,0,0,0,0,0,0,0,0,0,0,0,0,0,0,0,0,0,0,0,0,0,0,0,0,0,0,0,0,0,0,0,0,0,0,0,0,0,0,0,0,0,0,0,0,0,0,0,0,0,0,0,0,0,0,0,0,0,0,0,0,0,0,0
"14",0,0,0,0,0,0,0,3.3237316665,0,0,0,0,0,0,0,0,0,2.1504,0,0,0,0,0,0,0,0,0,0,0,0,0,0,0,0,0,0,1.9248,0,0,0,0,0,0,0,0,0,0,0,0,0,0,0,0,4.044,0,0,0,1.998,0,0,2.088,0,0,0,0,0,0,2.496,0,0,1.752,0,0,0,0,3.53877218,0,1.596,0,0,0,0,0,0,0,0,0,3.1224623455,0,0,0,0,0,0,0,0,0,0,0,0,1.887,0,0,0,0,0,0,0,0,0,0,0,0,0,0,0,0,2.34762439266667,2.2608452,0,0,0,0,0,0,0,0,0,0,0,0,0,0,0,0,0,0,0,0,0,0,0,0,0,0,0,0,0,0,0,0,0,0,0,0,0,0,0,0,0,0,0,0,0,0,0,0.564740625,0,0,0,0,0,0,0,0,0,0,0,0,0,0,0,0,0,0,0,0,0,0,0,0,0,0,0,0,0,0,0,0,0,0,0,0,0,0,0,0,0,0,2.1375279375,0,0,0,0,0,0,0,0,0,0,0,0,0,0,0,0,0,0,0,3.1378813225,0,0,0,0,0,0,0,0,0,0,0,0,0,0,0,0,0,0,0,0,0,1.93371428571429,0,0,2.270797534,0,0,0,0,0,0,0,0,1.914,0,2.016,0,1.9296,0,0,1.9728,0,0,0,0,0,0,0,2.106718235,0,0,0,0,0,0,0,0,0,0,3.80969071,0,0,0,0,0,0,0,0,0,3.688,0,0,0,0,0,0,0,0,0,0,0,0,0,0,0,0,0,0,2.172,0,0,2.05028571428571,0,0,0,0,0,0,0,2.7566921775,0,0,0,0,0,3.864,0,0,0,0,0,0,0,0,0,0,0,0,0,3.016,0,0,2.527114888,0,0,0,0,0,0,0,3.230370603,0,1.784,0,0,0,0,0,0,0,0,0,0,0,0,0,0,1.9056,0,0,0,0,0,0,0,0,0,0,0,0,0,0,0,4.131228355,0,0,0,0,0,0,0,0,0,0,0,0,0,0,0,0,0,0,0,3.724218782,0,0,0,0,0,0,0,0,0,0,0,0,0,0,0,0,0,0,2.7532436425,0,0,0,0,0,0,0,0,0,0,0,0,0,0,0,0,0,0,0,0,0,0,0,0,0,0,0,0,0,0,2.0016,2.756638465,0,0,0,4.224,0,2.218456164,0,0,0,2.975152136,0,0,0,0,0,0,0,0,2.12,3.9,2.604,0,0,1.792,0,0,0,0,0,0,0,0,0,0,0,0,0,1.986,0,0,0,0,0,0,0,0,1.764,0,0,0,0,0,0,0,0,0,0,0,0,0,0,0,0,0,0,0,2.752,0,0,0,3.32,0,0,0,0,0,0,1.9104,0,0,0,0,0,0,0,0,0,2.242380284,0,0,0,0,0,0,0,3.5351063815,0,0,0,0,0,0,0,0,0,0,0,0,0,0,0,0,0,0,0,0,2.28,0,0,0,0,0,0,0,0,0,0,0,0,0,0,0,0,0,0,0,0,0,0,1.8720191665,0,0,0,0,0,0,0,0,0,0,0,0,0,0,0,0,0,0,0,0,0,0,0,0,0,0,0,0,3.235485,0,0,1.992,2.432882449,0,0,0,0,0,0,0,0,0,0,0,0,0,0,0,0,0,0,2.16,0,0,0,0,0,0,0,0,0,0,0,0,0,0,0,3.172551008,0,0,0,0,0,0,0,1.98,0,0,0,0,0,0,0,0,0,0,0,0,1.974,0,0,0,3.114846379,3.6172488605,0,0,0,0,0,0,0,2.641524667,0,0,0,0,0,2.9942684885,4.434015769,0,3.068439321,0,0,0,0,0,0,0,0,0,0,0,0,0,0,0,0,2.296,0,0,0,0,0,0,0,0,0,0,0,0,0,0,0,0,0,0,0,0,2.1312,0,0,0,2.9916795455,0,0,0,0,0,2.25,0,2.316,4.887944778,4.21820256,0,0,0,0,2.06,0,0,0,0,0,0,0,0,0,0,0,0,0,0,0,0,0,0,0,0,0,0,0,0,0,0,2.584,0,0,0,2.77333333333333,0,0,0,0,0,0,0,0,0,0,0,0,0,0,0,0,0,0,0,0,0,0,0,0,3.49653201,0,0,0,0,0,0,0,0,2.17142857142857,0,0,3.2836470485,0,2.05333333333333,0,0,0,0,0,2.088,0,0,0,0,0,0,0,0,0,0,0,0,0,0,0,0,0,0,0,0,3.7584416,0,0,0,0,0,0,0,0,0,0,0,0,0,1.939763492,0,0,0,0,3.813242897,0,0,0,0,0,0,0,0,0,0,0,0,0,0,0,0,0,0,0,0,0,0,0,0,0,0,0,0,3.4851771445,0,0,0,0,0,0,0,0,2,0,0,0,2.01,0,0,0,0,0,2.485777778,0,0,0,0,0,0,0,0,0,0,0,0,0,0,0,0,0,0,0,0,0,0,0,0,0,0,0,0,0,0,0,0,0,0,0,0,0,0,0,0,0,0,0,0,0,0,0,0,0,0,0,0,0,0,0,0,0,0,0,0,0,0,0,0,0,0,2.008,0,0,0,0,0,0,0,0,0,0,0,0,0,0,0,0,0,0,0,0,0,0,0,0,0,0,0,0,0,0,0,0,0,0,0,0,0,0,0,0,0,0,0,0,0,0,0,0,0,0,0,0,0,0,0,0,0,0,0,0,0,0,0,0,0,0,0,0,0,0,0,0,0,0,0,0,0,0,0,0,0,0,0,0,0,0,0,0,0,0,0
"15",0,0,0,0,1.463457652,0,0,0,0,0,0,0,0,0,0,0,0,2.1504,0,0,0,0,0,0,0,0,0,0,0,0,2.064,0,0,0,0,0,1.9248,0,0,0,0,0,0,0,0,0,0,0,0,0,0,0,0,0,0,0,0,0,2.268,0,0,0,0,0,0,0,0,0,0,0,1.752,0,0,0,0,0,0,0,0,0,0,0,2.424,0,2.492994613,0,1.577658315,3.1224623455,2.738604342,0,0,0,0,0,0,0,0,0,0,0,1.887,0,2.6204085525,0,0,0,2.975631589,2.04,0,0,0,0,0,0,0,0,0,2.34762439266667,0,0,0,0,0,0,0,0,0,0,1.956,0,0,0,0,0,0,0,0,0,0,0,0,1.802791892,0,3.947662418,0,0,0,3.503007064,0,0,0,0,0,0,0,0,0,0,0,3.514043005,3.920373583,0,0,0,0,0,0,2.5234390475,0,0,0,0,0,0,0,0,0,0,0,0,1.892,0,0,0,0,0,0,0,0,1.904,0,0,0,0,0,0,0,0,0,0,0,0,2.271462879,0,0,0,0,2.05371428571429,0,0,0,0,0,0,0,0,0,0,0,0,0,0,0,0,0,0,0,0,0,3.1378813225,0,0,0,2.204049048,0,0,0,0,0,0,0,0,0,0,0,0,0,3.12,0,0,0,1.93371428571429,0,0,2.270797534,0,0,0,0,0,0,0,0,1.914,0,0,0,0,0,0,1.9728,0,0,0,0,0,0,0,2.106718235,0,0,0,0,0,0,0,0,0,0,3.80969071,0,0,0,0,0,0,0,0,4.0391674375,3.688,0,0,0,0,3.717764167,0,0,0,0,0,0,0,0,0,0,0,0,0,2.172,3.750876812,0,2.05028571428571,0,2.15380047,2.76,0,0,0,0,2.7566921775,0,0,0,0,0,3.864,0,0,0,0,0,0,0,0,0,0,0,0,0,3.016,0,0,0,0,0,0,0,0,0,0,0,0,1.784,0,0,0,0,0,0,0,0,0,0,0,0,0,0,1.9056,0,0,0,0,0,0,0,0,0,0,0,0,0,0,0,0,0,0,0,0,0,0,0,0,0,0,0,0,0,0,2.70481588,2.1648,0,0,0,0,0,0,0,0,0,0,0,0,0,0,0,0,0,0,0,0,0,0,2.7532436425,0,0,0,0,0,0,0,2.08,0,0,0,0,0,0,0,0,0,0,0,0,0,0,3.104,0,0,0,0,3.107227781,0,0,2.0016,2.756638465,0,0,0,4.224,0,0,0,0,0,0,2.832,0,0,0,0,0,0,0,0,0,2.604,0,0,1.792,0,0,0,0,0,0,0,0,0,0,4.295011222,0,0,1.986,0,0,0,3.0316545825,0,0,0,0,1.764,0,0,0,0,0,0,2.040504065,0,0,0,0,0,0,0,0,2.82666666666667,0,0,0,0,0,0,0,3.32,0,0,0,0,0,0,1.9104,0,0,0,0,0,0,0,0,0,2.242380284,0,0,0,0,0,0,0,0,0,0,0,0,0,0,0,0,0,0,0,0,0,0,0,0,0,0,0,0,2.28,0,0,0,0,0,0,0,0,0,0,0,0,0,0,0,0,0,0,0,3.788930149,0,0,0,0,0,0,0,0,0,0,0,0,0,0,0,0,0,0,0,0,0,0,0,0,1.96,0,0,0,0,0,0,3.235485,0,0,1.992,0,0,0,0,0,0,0,0,0,0,0,0,0,0,0,0,0,0,0,2.16,0,0,0,0,0,0,0,0,0,0,0,0,0,0,2.312848174,3.172551008,2.04,0,0,0,0,0,2.856,1.98,0,0,0,0,0,0,2.142,0,0,0,4.008,0,1.974,0,0,0,3.114846379,3.6172488605,0,0,0,0,0,0,0,0,2.968,0,2.6521132935,0,0,0,0,0,0,0,0,0,0,0,0,0,0,0,0,0,0,0,0,0,0,2.296,0,0,0,0,0,0,0,0,0,0,0,0,0,0,0,0,2.957392259,0,0,0,2.1312,0,0,0,0,0,0,0,0,0,2.25,0,2.316,0,0,0,0,0,0,2.06,0,0,0,0,0,0,0,0,0,0,0,0,0,0,0,0,0,0,0,0,2.352,0,0,1.864,0,0,0,0,0,0,2.77333333333333,0,0,0,0,0,0,0,0,0,0,0,0,0,0,0,0,0,0,0,0,0,0,0,0,3.49653201,0,0,0,0,0,0,0,0,2.17142857142857,0,0,0,2.88,0,0,0,0,0,0,2.088,0,0,0,0,0,0,0,0,0,0,0,0,0,0,0,0,0,0,0,0,0,0,0,0,0,0,0,0,4.675313544,0,1.888,0,0,0,0,0,0,0,0,3.813242897,0,0,0,0,3.1634026195,0,0,0,0,0,0,0,0,0,0,0,0,0,1.696,0,0,0,2.920868668,2.152,0,0,0,0,3.4851771445,0,0,0,0,0,0,0,0,0,0,0,0,0,0,0,0,0,0,0,0,0,0,0,0,0,0,0,0,2.248,0,0,0,0,0,0,0,0,0,0,0,0,0,0,0,0,0,0,0,0,0,2.796887771,0,0,0,0,0,0,0,0,0,0,0,0,0,0,0,0,0,0,0,0,0,0,0,0,0,0,0,0,0,0,0,0,1.88,0,0,0,0,0,0,0,0,0,0,0,0,0,0,0,0,0,0,0,0,0,0,0,0,0,0,0,0,0,0,0,0,0,0,0,0,0,0,0,0,0,0,0,0,0,0,0,0,0,0,0,0,0,0,0,0,0,0,0,0,0,0,0,0,0,0,0,0,0,0,0,0,0,0,0,0,0,0,0,0,0,0,0,0,0,0,0,0,0,0,0,0,0
"16",0,0,4.248,0,0,0,0,0,0,0,0,0,0,0,0,0,2.19687044285714,2.1504,4.166059601,0,0,0,0,0,0,0,0,0,0,0,2.064,3.176,0,0,0,0,1.9248,0,4.02,1.94057142857143,0,0,0,0,0,0,0,0,0,0,0,0,0,0,0,2.3319966465,2.178,0,2.268,0,0,0,0,0,0,0,0,0,0,0,1.752,0,0,0,0,0,1.992,0,0,0,0,0,0,0,2.492994613,0,0,0,2.738604342,0,0,0,0,0.976395716,0,0,0,0,0,0,1.887,0,2.6204085525,1.896,0,0,0,2.04,0,0,0,0,0,0,4.044,0,0,0,0,0,0,1.904,0,0,2.8299514845,3.512137443,0,0,1.956,0,0,0,0,0,0,0,0,1.904,0,0,0,0,0,0,0,0,0,0,0,1.56,1.93028571428571,0,0,0,0,0,0,0,0,3.514043005,0,0,0,0,0,0,0,2.5234390475,0,0,0,0,0,0,0,0,0,0,0,0,1.892,0,0,0,0,0,0,0,0,1.904,1.278914487,1.88,0,0,0,0,0,2.872520232,0,1.90628571428571,0,0,0,4.103264759,0,0,0,2.05371428571429,0,0,0,0,0,0,0,0,0,0,0,0,0,0,0,0,0,0,0,0,0,3.1378813225,0,0,0,0,2.5480366325,0,0,0,0,0,0,0,0,0,0,2.579386726,0,3.12,0,0,0,1.93371428571429,0,0,0,0,0,0,0,0,0,0,0,1.914,0,0,0,0,0,0,1.9728,0,0,2.942152014,0,0,0,0,0,0,0,0,0,2.719373228,0,0,0,0,2.136,3.80969071,0,0,0,2.028,1.90285714285714,0,0,0,4.0391674375,0,0,4.094477556,0,0,0,0,0,0,0,0,0,0,0,1.812,0,0,1.758,2.710937624,0,0,0,2.05028571428571,3.144,0,0,0,0,0,0,2.7566921775,0,0,0,0,0,0,0,0,0,0,0,0,0,0,0,0,0,0,0,0,0,0,0,0,0,0,0,0,0,0,0,0,1.784,0,0,2.304,0,0,0,0,0,0,0,0,0,0,0,1.9056,0,0,0,0,0,0,0,0,0,0,0,0,0,0,0,0,0,0,0,0,0,0,0,0,0,0,0,0,0,0,2.70481588,2.1648,0,0,0,0,0,0,0,2.029304063,0,0,0,0,0,0,0,0,0,0,0,0,0,0,2.7532436425,0,2.72,0,0,0,0,0,2.08,0,0,0,0,0,0,0,0,0,0,0,0,0,0,3.104,0,2.13,0,0,0,0,0,2.0016,0,0,0,0,0,0,0,0,0,0,0,0,0,0,0,0,0,0,0,0,0,2.604,0,0,0,0,0,0,0,0,0,0,0,0,0,0,0,0,1.986,0,0,0,3.0316545825,0,0,0,0,1.764,0,0,0,0,0,0,0,0,0,0,0,3.50029164,0,0,0,2.82666666666667,0,0,0,0,0,0,0,3.32,0,0,0,0,0,0,1.9104,0,0,0,0,0,0,0,2.6533372105,0,2.242380284,0,0,0,0,0,0,2.04,0,0,0,0,0,0,0,0,0,0,2.1408,0,0,0,0,0,0,0,0,0,0,0,0,0,0,0,0,0,0,0,1.904,0,2.156,0,0,0,0,0,0,0,0,0,2.412,0,0,0,0,0,0,0,0,0,0,0,0,0,0,0,0,0,0,0,0,0,0,1.876,1.96,1.8048,0,0,0,0,0,0,0,0,0,0,0,0,0,0,2.364,0,0,0,0,0,0,0,0,0,0,0,0,0,2.16,0,0,0,0,0,0,0,0,0,0,0,0,4.370497368,0,2.312848174,3.172551008,0,0,0,0,0,0,0,1.98,0,0,0,0,0,0,2.142,0,0,0,4.008,0,0,0,0,0,0,0,0,0,0,0,0,0,0,0,2.968,0,2.6521132935,0,0,0,0,0,0,0,0,0,0,0,0,0,0,0,0,0,0,0,0,0,0,2.296,0,0,0,0,0,0,2.094033065,0,0,0,0,4.043992617,0,0,0,0,2.957392259,0,0,0,2.1312,0,0,0,0,0,0,0,0,0,2.25,0,0,0,0,0,0,0,0,2.06,0,0,0,0,0,0,0,0,0,2.016,0,0,0,0,0,0,0,0,0,0,0,0,0,1.864,0,0,0,0,0,0,0,0,0,0,0,0.874666666666667,0,0,0,0,0,0,0,0,0,0,1.90285714285714,0,0,0,0,0,0,0,0.96,0,0,0,0,0,0,0,0,2.152,2.17142857142857,0,0,0,0,0,0,0,0,3.893659206,0,0,0,0,0,0,0,0,0,1.778048162,0,0,2.1936,4.38,0,0,0,0,0,0,0,0,0,0,0,0,0,2.553188129,0,0,0,0,1.888,0,0,0,0,0,0,0,0,0,3.267820339,2.424,0,0,3.1634026195,0,0,0,0,0,0,0,0,0,0,2.328,0,0,1.696,0,0,0,0,2.152,0,0,0,0,0,0,0,0,0,0,0,0,0,0,0,0,0,0,0,0,0,0,0,0,0,0,0,0,0,0,0,0,0,2.248,0,0,0,2.37333333333333,0,0,0,0,0,0,0,0,0,0,0,0,0,0,0,0,0,2.796887771,0,0,0,0,0,0,0,0,0,0,0,0,0,0,0,0,0,0,0,0,0,0,0,0,0,0,0,0,0,0,0,0,1.88,0,0,0,0,0,0,0,0,0,0,0,0,0,0,0,0,0,0,0,0,0,0,0,0,0,0,0,0,0,0,0,0,0,0,0,0,0,0,0,0,0,0,0,0,0,0,0,0,0,0,0,0,2.304,0,0,0,0,0,0,0,0,0,0,0,0,0,0,0,0,0,0,0,0,0,0,0,0,0,0,0,0,0,0,0,0,0,0,0,0,0,0,0,0
"17",0,0,4.248,0,0,2.62985652233333,0,0,0,0,0,0,0,0,0,0,2.19687044285714,2.1504,0,0,0,0,0,0,0,3.459595514,0,0,0,0,2.064,3.176,0,0,0,0,1.9248,0,4.02,1.94057142857143,0,0,0,1.56,0,0,0,0,0,0,0,0,0,0,0,2.3319966465,2.178,0,0,0,0,2.288,0,0,0,1.824,0,0,0,0,0,0,0,0,0,0,1.992,0,0,0,2.028,0,0,0,0,0,0,0,2.738604342,2.330335574,0,0,0,0,0,0,0,1.824,0,2.028,1.887,0,0,1.896,0,0,0,0,0,0,0,0,0,0,4.044,0,0,0,0,3.065912125,1.752,1.904,0,0,2.8299514845,0,0,0,1.956,3.329794403,0,0,0,4.384460734,1.983,0,0,1.904,3.09682996,0,0,0,0,0,4.299980495,0,0,0,0,1.56,1.93028571428571,0,0,0,0,0,0,0,0,3.514043005,0,0,0,0,0,0,0,0,0,0,0,0,0,0,0,0,2.0448,0,0,0,1.892,0,0,0,2.280242659,4.344,0,0,0,1.904,0,1.88,0,0,0,1.56,0,0,0,1.90628571428571,0,0,0,0,0,0,0,2.05371428571429,0,0,0,0,0,0,2.745954195,3.29507616,0,0,0,0,0,0,0,0,2.016,1.872,0,0,4.5409,0,0,0,0,0,2.5480366325,2.855777043,0,0,0,0,0,1.464,2.16,0,0,0,0,3.12,0,0,0,1.93371428571429,0,0,0,0,0,0,0,0,0,5.159490039,0,1.914,0,0,0,0,0,0,0,0,0,2.942152014,0.648,0,1.860375218,0,0,0,0,0,0,0,2.8305018615,0,0,0,2.136,0,0,0,0,2.028,1.90285714285714,0,0,0,0,0,0,0,0,0,0,0,0,0,0,0,0,0,0,1.812,0,0,1.758,2.710937624,0,0,0,2.05028571428571,3.144,0,0,1.9152,0,0,0,0,2.048,0,0,0,0,0,0,2.6886833825,0,0,0,0,0,0,0,1.884,0,2.1168,0,0,3.88619488,0,0,2.232,0,1.856197037,2.238,0,0,0,0,0,0,2.352,0,2.304,0,0,0,3.52,0,0,0,0,0,0,0,1.9056,2.325825163,0,2.543323311,0,0,0,0,0,0,4.116885771,0,0,0,0,0,0,0,0,0,0,0,0,0,0,0,0,0,0,0,0,2.70481588,2.1648,0,0,0,0,0,0,0,0,0,0,0,0,0,0,0,0,0,0,0,0,0,0,0,0,0,0,0,0,0,0,2.08,0,0,0,0,0,0,0,0,0,0,0,0,0,0,3.104,0,2.13,0,0,0,0,0,2.0016,0,0,0,0,0,0,0,0,3.36,0,0,0,0,0,0,0,0,0,0,0,0,0,0,0,0,0,0,0,0,0,0,0,0,0,0,0,0,0,1.986,0,0,0,0,0,0,0,0,1.764,0,0,2.168,0,0,0,0,0,0,0,0,3.50029164,0,0,0,2.82666666666667,0,0,0,0,0,0,2.25525314,0,0,0,0,0,0,0,1.9104,3.289439861,0,0,0,0,0,0,2.6533372105,0,2.242380284,0,2.02285714285714,0,0,0,0,2.04,0,0,0,0,0,0,0,0,0,0,2.1408,0,0,0,0,0,0,0,0,0,0,0,0,0,0,0,0,0,0,0,1.904,0,2.156,2.088,0,0,0,0,0,0,0,0,2.412,0,0,1.908,0,0,0,0,0,0,0,0,0,0,0,0,0,0,0,0,0,0,0,1.876,1.96,1.8048,2.1696,1.894443125,0,0,0,0,2.12228571428571,0,0,0,0,0,0,0,2.364,2.016,0,0,0,2.464,0,0,0,0,0,0,0,0,0,0,0,0,0,1.8144,0,0,0,0,0,0,0,0,0,0,0,0,0,0,2.9415566775,3.6828276,0,0,1.98,0,0,0,0,0,0,2.142,0,0,0,0,0,0,3.065841435,0,0,0,0,0,0,0,0,0,0,0,0,2.968,0,0,0,0,0,0,0,0,3.252462445,0,0,0,0,2.34,0,0,0,0,0,0,0,0,0,0,0,0,1.947713542,0,4.056,0,0,0,0,0,0,0,0,0,0,0,0,0,2.07,0,0,0,0,0,1.675001087,0,0,0,1.976,0,0,2.25,0,0,0,0,0,0,0,0,2.06,0,0,0,0,0,0,0,0,0,0,0,0,0,0,0,0,0,0,0,0,0,0,0,1.864,0,0,0,0,0,0,0,0,0,0,0,0.874666666666667,0,0,0,0,0,0,0,0,0,0,1.90285714285714,0,0,0,0,0,0,0,0.96,0,0,0,0,2.024,0,2.1936,0,2.152,2.17142857142857,0,0,0,0,0,0,0,2.068,0,0,0,0,0,0,0,0,0,0,0,0,0,2.1936,4.38,0,0,0,0,0,0,0,0,0,2.3178250585,0,0,0,2.553188129,0,0,0,0,1.888,0,0,0,0,0,0,0,0,0,3.267820339,0,2.417983027,0,0,0,0,0,0,0,0,0,0,0,0,2.328,0,0,1.696,0,0,0,0,2.152,0,0,0,0,0,0,0,0,0,3.6809673785,0,0,0,0,0,0,0,0,0,0,0,2.16,1.68,0,2.388,0,0,0,0,0,0,0,0,2.248,0,0,0,2.37333333333333,0,0,0,0,0,1.692,0,0,0,0,2.17142857142857,2.622504693,0,0,0,0,0,0,0,0,0,0,2.897985982,0,0,0,0,0,0,0,0,0,0,0,0,2.21333333333333,0,0,0,0,0,0,0,0,0,0,0,0,0,0,1.88,0,0,0,0,0,0,0,0,0,0,0,0,0,0,0,0,0,0,0,0,0,0,0,0,0,0,0,0,0,0,0,0,0,0,0,0,0,0,0,0,0,0,2.144,0,0,0,0,0,0,0,0,0,0,0,0,0,0,0,0,0,0,0,0,0,0,0,0,0,0,0,0,0,0,0,0,0,0,0,0,0,0,2.544,0,0,0,0,0,0,0,0,0,0,0
"18",0,0,0,0,0,2.62985652233333,0,0,2.531640358,0,0,2.142751881,0,2.064,0,0,2.19687044285714,2.1504,0,0,0,0,0,0,0,3.459595514,0,0,2.507155102,0,2.064,3.176,0,0,0,0,0,0,0,1.94057142857143,0,0,0,0,0,2.832,0,0,1.992,0,0,0,0,0,2.176,0,2.178,0,0,0,0,2.288,0,1.9392,0,1.824,0,0,0,0,0,0,2.712,0,0,0,1.992,0,0,0,2.028,0,0,0,0,0,0,0,0,0,0,0,0,0,0,2.8321875,0,1.824,2.267124252,2.028,1.887,0,0,1.896,0,1.13368255,0,0,0,0,0,0,0,1.536,0,0,0,0,0,3.065912125,1.752,1.904,1.96678625,0,0,0,2.301939887,2.1216,1.956,0,0,0,0,0,1.983,0,0,1.904,0,1.896,0,0,0,0,0,2.5744551845,0,0,0,0,1.93028571428571,0,2.28981805,0,0,0,0,2.91782226,0,3.514043005,0,3.918120045,0,0,0,0,0,0,2.799574528,0,0,0,0,0,0,0,2.0448,4.212,0,0,1.892,0,4.176,0,0,4.344,2.112,0,0,0,0,1.88,1.88571428571429,0,0,1.56,0,0,0,1.90628571428571,0,0,0,0,0,0,2.904,2.05371428571429,4.429839017,0,3.41841461,0,0,0,0,0,0,0,0,0,2.686121905,0,0,0,2.016,0,1.8,0,0,0,0,0,1.911,0,0,0,2.448,4.236234786,0,0,0,0,2.16,0,0,0,1.824,0,0,0,0,1.93371428571429,0,0,0,0,0,4.767506471,0,0,0,0,0,0,2.3960537945,0,2.04,0,0,0,0,4.728,0,0,0,0,0,2.832,0,0,0,0,0,0,2.8305018615,0,0,0,2.136,0,0,0,2.380032066,2.028,1.90285714285714,0,0,0,0,0,3.790131111,0,1.92,0,0,0,0,0,3.472641195,0,0,0,0,0,2.10310358142857,2.23999507333333,1.758,0,0,0,2.256,2.05028571428571,3.144,0,0,1.9152,2.494292706,0,0,0,2.048,0,0,0,0,0,0,2.6886833825,0,1.956,0,0,0,0,2.580367247,1.884,2.40550506,2.1168,2.04,0,0,0,0,2.232,0,0,2.238,0,0,0,0,0,0,0,0,2.304,2.032,0,0,3.52,2.709621365,0,0,0,0,0,0,1.9056,0,0,0,0,1.836,0,0,0,0,0,1.94057142857143,0,1.965,2.02285714285714,0,0,0,0,0,0,2.244,0,0,0,0,2.82666666666667,0,0,0,0,2.70481588,2.1648,1.964987037,0,0,0,0,0,2.713474269,0,0,0,0,0,4.172960514,1.806,0,0,0,0,0,1.688,1.92,0,0,0,0,0,0,0,0,0,0,0,0,1.836,0,2.312,0,0,1.68,2.6278809415,0,0,0,0,0,0,0,2.13,0,0,0,2.028,0,2.0016,0,0,0,0,0,0,0,0,3.36,2.124,0,0,0,0,0,0,2.04685714285714,0,0,0,0,0,0,0,0,0,0,0,0,0,0,4.476,2.28,0,0,0,3.959554063,0,1.986,0,0,0,0,0,0,0,0,0,1.959,0,2.168,0,0,0,0,0,0,0,0,3.50029164,2.094,0,0,0,1.848,0,0,0,0,0,2.25525314,0,2.70891343,0,0,0,0,0,0,0,0,0,0,0,2.949967842,0,0,0,0,0,2.02285714285714,4.10087275,0,0,0,2.04,0,0,1.924,0,0,0,1.912,0,0,0,2.1408,2.052,0,0,0,0,0,0,0,0,0,0,0,0,0,0,0,0,0,0,1.904,0,2.156,0,0,1.8,0,0,0,0,0,0,0,0,0,1.908,0,0,0,0,0,0,0,0,0,0,0,0,0,0,0,0,1.864,0,0,1.876,1.96,1.8048,2.1696,1.894443125,0,0,0,0,2.12228571428571,0,0,0,0,0,0,0,0,2.016,0,0,0,2.464,0,0,0,0,0,0,0,0,0,0,2.13,0,0,1.8144,0,1.944,0,0,0,0,0,0,0,0,0,0,0,0,2.9415566775,3.6828276,0,0,0,0,0,2.4526096355,0,2.631412153,0,2.142,1.428483929,0,0,0,0,0,0,0,0,0,0,3.005719444,3.655027772,0,0,0,0,1.986,0,0,0,0,0,0,0,0,2.455931132,0,0,0,0,0,0,2.34,2.997435206,0,0,2.184,0,2.497700741,0,0,0,0,0,0,0,1.557891276,4.056,0,0,0,1.962,0,1.84,0,0,0,0,0,0,0,2.07,0,0,0,1.788,0,0,0,1.95,0,1.976,0,0,0,0,0,0,0,0,0,0,1.758,2.06,0,0,0,0,0,0,0,0,0,0,0,0,0,0,0,0,0,0,0,0,0,0,0,0,0,0,0,0,0,0,0,0,0,0,0,0.874666666666667,0,0,0,0,0,0,0,0,0,0,1.90285714285714,0,0,0,0,0,0,0,0.96,0,0,0,0,2.024,0,2.1936,0,2.152,0,0,0,0,0,0,0,0,2.068,0,0,0,0,0,2.124,0,0,0,0,0,0,0,2.1936,0,0,0,0,1.836,0,0,0,0,0,2.3178250585,0,0,0,0,0,0,0,0,0,3.410319082,2.264,0,0,0,0,0,0,0,0,0,2.417983027,0,0,1.912234649,0,0,0,0,3.2246636015,0,2.088,0,0,0,1.92,0,0,3.2048399455,0,0,0,0,0,0,0,0,0,0,0,0,0,3.6809673785,0,0,0,0,1.643382333,0,0,0,2.082,0,0,2.16,1.68,0,2.388,0,0,0,2.202,0,0,0,0,0,0,0,0,2.37333333333333,0,0,0,0,0,1.692,0,0,0,0,2.17142857142857,2.622504693,2.296,1.911,0,0,0,0,2.21333333333333,0,0,0,0,0,0,0,0,0,0,0,0,0,0,0,0,2.21333333333333,1.9296,0,0,0,0,0,0,0,0,0,0,0,0,0,0,0,0,0,0,0,0,0,0,0,0,0,0,0,0,0,0,0,0,0,0,0,0,0,0,0,0,2.7669736115,0,0,1.992,0,0,0,0,0,2.064,0,0,0,0,0,0,2.144,0,0,0,0,0,0,0,0,0,0,0,0,0,0,0,0,0,0,0,0,0,0,0,0,0,0,0,0,1.752,0,0,0,0,0,0,0,0,0,0,0,0,2.64,0,0,2.904,0,0,0,0,0
"19",0,0,0,0,0,2.62985652233333,0,0,0,2.904,0,2.142751881,0,0,0,0,2.19687044285714,0,0,2.024,0,2.136,0,0,0,0,0,0,0,0,2.064,0,2.072,2.024,0,0,0,0,0,1.94057142857143,0,0,0,0,0,0,0,0,1.992,2.068,1.9183954338,0,0,0,2.176,0,2.178,0,0,0,0,2.288,0,1.9392,1.854,1.824,1.8768,0,0,0,0,0,0,0,0,0,0,0,2.5436687825,2.808,2.028,0,0,3.085109534,0,2.05028571428571,0,0,0,0,0,1.8912,0,0,2.056,0,0,1.824,0,2.028,0,1.8192,0,1.896,0,0,0,0,0,0,0,0,0,1.536,0,2.6292849555,0,0,0,3.065912125,1.752,0,0,0,0,0,2.301939887,2.1216,1.956,0,2.568366741,0,0,0,1.983,0,0,1.904,0,1.896,0,0,2.1696,0,0,2.5744551845,0,0,0,0,1.93028571428571,0,0,0,0,0,0,2.91782226,0,0,0,0,0,2.004,0,0,0,0,0,3.759376769,0,0,1.62,0,0,1.9728,2.0448,4.212,0,0,1.892,0,4.176,0,0,0,2.112,3.60944338,0,0,0,1.88,1.88571428571429,0,0,0,0,0,2.1216,1.90628571428571,0,0,0,0,0,0,0,2.05371428571429,0,0,0,0,0,0,0,0,0,2.13,0,2.05028571428571,2.686121905,1.844,0,1.928,2.016,0,1.8,2.124,0,0,0,0,1.911,0,0,0,0,0,0,4.16040906,0,0,2.16,0,0,0,1.824,0,3.34364707,0,0,1.93371428571429,0,1.704344412,0,0,0,0,0,0,0,0,0,0,2.3960537945,0,2.04,0,0,0,0,4.728,0,0,0,0,0,0,0,0,2.30520214285714,0,0,0,0,1.784,0,0,0,0,0,0,2.380032066,2.028,1.90285714285714,0,2.108,0,0,0,0,0,1.92,0,0,1.844,0,0,0,0,0,0,0,0,2.10310358142857,2.23999507333333,1.758,0,0,0,2.256,2.05028571428571,0,0,0,1.9152,2.494292706,0,0,0,2.048,0,1.934592593,0,0,0,0,0,0,1.956,0,0,0,0,0,0,0,2.1168,2.04,0,0,0,0,2.232,0,0,2.238,0,0,0,0,0,0,0,0,2.304,2.032,0,0,3.52,2.709621365,0,0,0,0,0,0,0,0,0,0,0,1.836,0,0,0,0,0,1.94057142857143,0,1.965,2.02285714285714,0,0,2.472,0,2.046,0,2.244,0,0,0,0,2.82666666666667,0,0,0,0,2.70481588,2.1648,0,3.09333333333333,0,0,0,0,0,0,0,0,1.72,0,0,1.806,0,0,0,0,0,1.688,0,0,0,0,0,1.92,0,0,2.664,0,0,0,0,1.836,0,2.312,0,0,1.68,2.6278809415,0,0,0,0,1.99542857142857,0,2,2.13,0,0,0,2.028,0,0,0,0,0,0,0,0,0,0,0,2.124,0,0,0,0,0,0,2.04685714285714,0,0,0,0,0,1.908,0,0,0,0,1.728,0,0,0,4.476,2.28,0,0,0,0,0,1.986,0,0,0,0,0,0,0,0,0,1.959,0,2.168,0,0,0,0,0,0,0,0,0,2.094,2.28,0,0,1.848,0,0,0,0,0,2.25525314,0,2.70891343,0,0,0,0,0,0,0,0,0,0,0,0,0,0,0,0,1.962,2.02285714285714,0,0,0,0,2.04,0,0,1.924,0,0,0,1.912,0,0,0,2.1408,2.052,0,0,0,0,0,0,0,3.125225134,0,0,0,0,0,2.076,0,0,0,0,0,0,2.156,0,0,1.8,0,0,0,2.088,0,0,0,0,0,1.908,0,0,0,0,2.184,0,0,2.136,1.896,0,0,0,0,2.808,0,0,1.864,1.584,0,1.876,1.96,1.8048,2.1696,1.894443125,0.768,0,0,0,2.12228571428571,0,0,0,0,0,0,0,0,2.016,0,0,0,2.464,0,2.112,0,0,2.0688,0,0,0,0,0,2.13,0,0,1.8144,0,1.944,0,0,2.154,0,0,0,0,0,0,0,0,0,0,3.6828276,0,0,0,4.14,0,2.4526096355,0,2.631412153,2.208,0,0,1.9780953308,0,0,0,0,0,0,0,0,0,0,0,4.404655701,0,0,0,1.986,0,0,0,0,2.696813988,0,0,0,0,0,0,2.447921392,0,0,0,0,0,0,0,0,0,0,0,0,0,0,0,1.936,0,0,0,0,0,0,1.962,0,1.84,0,0,0,0,0,0,0,2.07,0,0,0,1.788,0,0,0,1.95,0,1.976,0,0,0,0,0,0,0,0,0,0,1.758,0,0,0,0,0,0,0,0,0,0,0,0,0,0,0,0,0,0,1.864,0,0,0,0,0,0,0,0,0,0,0,0,0,0,0,0,0,0.874666666666667,0,0,0,0,0,0,0,0,0,0,1.90285714285714,0,0,0,0,0,0,0,0.96,0,0,0,0,2.024,0,2.1936,0,0,0,1.872,0,0,0,0,0,0,2.068,0,0,0,0,0,2.124,0,0,0,0,0,0,0,2.1936,0,1.848,0,0,1.836,0,0,0,0,0,0,1.86171428571429,0,0,0,0,0,0,0,0,0,2.264,0,0,0,0,0,1.584,0,0,0,0,0,0,0,0,0,0,0,3.2246636015,0,2.088,0,2.112,0,1.92,2.352,0,3.2048399455,0,0,0,0,0,0,0,0,0,1.736,0,0,0,0,0,0,0,0,0,0,0,0,2.082,0,0,2.16,1.68,0,0,0,1.512,0,2.202,0,0,0,2.952,0,1.972,0,0,2.37333333333333,1.716,2.808,0,0,0,0,1.5,1.896,0,2.008,2.17142857142857,0,2.296,1.911,0,2.928,2.112,0,2.21333333333333,0,0,0,0,0,0,0,0,0,0,0,0,0,0,0,0,2.21333333333333,1.9296,0,0,0,0,0,0,0,0,0,0,1.83518768766667,0,0,0,0,0,0,0,0,0,0,0,0,0,0,0,0,0,0,0,0,0,0,0,0,2.37333333333333,0,0,0,0,2.7669736115,0,0,0,2.24,0,0,0,0,2.064,0,0,0,0,1.704,0,2.144,1.908,0,0,0,0,0,0,0,0,0,0,0,0,0,0,0,0,1.92,0,0,0,0,0,0,0,0,0,0,1.752,0,2.616,0,0,0,0,0,0,0,0,0,0,0,0,0,0,0,0,0,0,0
"20",1.997954036,0,0,1.8336,0,0,1.008,0,0,0,0,0,0,0,2.448,0,2.19687044285714,0,0,2.024,0,0,2.649251062,2.994,2.104,0,1.83,0,0,0,0,0,2.072,2.024,0,0,0,0,0,1.94057142857143,0,0,0,0,0,0,2.072,0,1.992,2.068,1.9183954338,0,0,0,2.176,0,0,0,0,0,0,0,0,1.9392,1.854,1.824,1.8768,0,0,0,0,0,0,0,0,0,0,0,2.5436687825,2.808,2.028,0,0,3.085109534,0,2.05028571428571,0,0,0,0,0,1.8912,0,0,2.056,0,0,0,0,2.028,0,1.8192,0,0,2.034,0,0,0,0,0,0,0,0,0,0,2.6292849555,1.88,0,0,3.065912125,1.752,0,0,0,0,0,0,2.1216,1.956,0,0,4.47092911,0,0,1.983,0,0,1.904,0,1.896,0,0,2.1696,0,0,0,0,0,0,0,1.93028571428571,0,0,0,0,0,0,0,0,0,0,0,0,2.004,0,0,0,0,0,0,2.630066446,0,1.62,0,0,1.9728,2.0448,0,0,0,1.892,0,0,0,0,0,2.112,3.60944338,0,0,0,1.88,1.88571428571429,0,0,0,0,0,2.1216,1.90628571428571,0,0,0,0,0,0,0,2.05371428571429,0,0,0,0,0,0,0,0,0,2.13,0,2.05028571428571,0,1.844,3,1.928,2.016,0,1.8,2.124,0,0,0,0,1.911,0,0,0,0,0,2.8656,0,0,0,2.16,0,0,0,1.824,0,0,4.771745513,0,1.93371428571429,0,0,0,1.812,0,0,3.078,1.8,0,0,0,0,0,0,2.04,0,2.5630940625,0,0,0,0,0,0,0,0,0,0,0,2.30520214285714,0,0,0,0,1.784,0,0,0,0,0,0,2.380032066,2.028,1.90285714285714,0,2.108,0,0,0,0,0,0,0,0,1.844,0,0,0,0,0,0,0,0,2.10310358142857,2.23999507333333,0,0,0,0,2.256,2.05028571428571,0,0,0,1.9152,0,0,0,0,0,0,0,0,0,0,0,0,0,1.956,0,0,3.536,0,0,0,0,2.1168,2.04,0,0,0,0,0,0,0,2.238,0,2.1024,0,0,1.812,0,0,0,2.304,2.032,2.0496,0,0,0,2.511933264,0,2.116,0,0,0,0,0,0,0,0,1.836,0,0,0,0,0,1.94057142857143,0,1.965,2.02285714285714,0,0,2.472,0,2.046,0,2.244,0,0,0,0,2.82666666666667,0,0,0,0,0,0,0,3.09333333333333,0,0,0,0,0,0,0,2.164,1.72,0,0,1.806,0,0,0,0,0,1.688,0,0,0,0,0,1.92,0,0,0,0,0,0,0,1.836,0,2.312,0,0,1.68,0,2.808,0,0,0,1.99542857142857,0,2,0,0,0,0,2.028,0,0,0,0,0,0,0,0,0,0,0,2.124,0,0,2.364,0,2.196,0,2.04685714285714,0,0,0,0,0,1.908,0,0,2.0208,0,1.728,0,0,0,0,0,1.848,0,0,0,0,1.986,0,2.1312,0,0,0,0,2.064,0,0,1.959,0,2.168,0,0,0,0,0,2.472,0,0,0,2.094,2.28,0,0,1.848,0,0,0,0,0,0,0,0,3.016861204,0,2.0064,0,0,0,0,0,0,3.125424786,0,0,0,0,0,0,1.962,2.02285714285714,0,0,0,0,2.04,0,0,1.924,0,0,0,1.912,0,0,0,2.1408,2.052,0,2.184,0,0,0,0,0,0,0,0,0,3.02217217,0,2.076,0,0,0,0,0,0,2.156,0,0,0,0,0,0,2.088,0,0,0,0,0,1.908,0,0,0,0,2.184,0,0,2.136,1.896,0,0,0,0,2.808,0,0,1.864,1.584,0,1.876,1.96,1.8048,2.1696,1.894443125,0,0,0,0,2.12228571428571,0,0,0,0,0,0,0,0,2.016,0,0,0,2.464,0,2.112,0,0,2.0688,0,0,0,0,0,2.13,0,0,1.8144,0,1.944,0,0,2.154,0,0,0,0,0,0,0,0,0,0,0,0,0,0,4.14,0,0,0,0,2.208,0,0,1.9780953308,0,0,0,0,0,0,0,0,0,0,0,0,0,0,0,1.986,0,0,0,0,2.696813988,2.688,0,0,0,0,0,0,2.032,0,0,0,0,2.0784,0,0,0,0,2.424,0,0,0,0,1.936,0,0,0,3.41354297,0,0,1.962,0,0,0,0,0,0,0,0,0,2.07,0,0,0,0,0,0,0,1.95,0,0,0,0,0,0,0,0,0,0,0,0,1.758,0,0,0,3.732,1.992,0,0,0,0,0,0,0,0,0,0,0,0,0,1.864,0,0,0,0,0,0,0,0,0,2.563352477,0,0,0,2.1504,0,0,0,0.874666666666667,0,0,0,0,0,0,0,0,0,0,1.90285714285714,0,0,0,0,0,0,0,0.96,0,0,0,0,0,0,2.1936,0,0,0,1.872,0,0,0,0,0,0,2.068,0,0,0,0,0,0,0,0,0,0,0,0,0,2.1936,0,1.848,0,0,1.836,0,0,0,0,0,0,1.86171428571429,0,0,0,1.891325,0,0,0,0,0,2.264,1.9488,0,0,0,0,1.584,0,0,0,0,1.976,0,0,0,0,2.736,2.244,0,0,2.088,0,2.112,0,1.92,0,0,0,0,0,0,0,0,0,2.1312,0,0,1.736,1.52,1.696,0,0,0,1.95771428571429,0,0,0,0,0,0,2.082,0,0,2.16,1.68,0,0,0,0,0,2.202,0,0,0,0,0,1.972,0,2.848808796,2.37333333333333,1.716,0,0,0,0,0,1.5,1.896,2.1744,2.008,2.17142857142857,0,2.296,1.911,0,0,2.112,0,2.21333333333333,0,0,0,0,0,0,0,0,0,0,0,0,0,0,0,0,2.21333333333333,1.9296,0,0,0,0,0,0,0,0,0,0,1.83518768766667,0,0,0,0,0,0,0,0,0,0,0,0,0,0,0,0,0,0,0,0,0,0,0,0,2.37333333333333,0,0,0,0,0,0,0,0,2.24,0,0,0,0,2.064,0,0,0,0,1.704,0,0,1.908,0,0,0,0,0,2.88,0,0,0,0,0,0,0,2.976,0,0,1.92,0,0,0,0,0,0,0,2.856,0,0,0,0,0,0,0,0,2.784,0,1.584,0,0,0,0,0,0,0,0,0,0,0,0,0
"21",0,3.0506883445,0,1.8336,0,0,0,0,0,0,3.210845846,0,0,0,2.448,0,2.19687044285714,0,0,2.024,3.536,0,2.649251062,2.994,2.104,0,1.83,0,0,0,0,0,2.072,2.024,2.169403504,0,0,0,0,1.94057142857143,0,0,0,0,0,0,2.072,2.976,1.992,2.068,1.9183954338,0,0,0,0,0,0,0,0,1.938,0,0,0,1.9392,1.854,0,1.8768,0,0,0,0,0,0,0,2.16,0,0,0,0,2.808,2.028,0,0,3.085109534,0,2.05028571428571,0,0,0,0,0,1.8912,0,0,2.056,0,0,0,0,2.028,0,1.8192,0,0,2.034,0,0,0,0,0,0,0,0,0,0,0,1.88,0,0,0,0,0,0,0,0,0,0,2.1216,0,0,0,0,0,0,1.983,0,0,1.904,0,1.896,0,0,2.1696,0,0,0,0,0,0,0,1.93028571428571,3.277907185,0,0,0,0,0,0,0,0,0,0,3.1163894275,2.004,0,0,0,0,0,0,2.630066446,0,0,0,0,1.9728,2.0448,0,0,0,0,0,0,0,0,0,2.112,0,0,0,0,1.88,1.88571428571429,0,0,0,0,0,2.1216,1.90628571428571,0,0,0,0,0,0,0,2.05371428571429,0,0,0,0,0,0,0,0,0,2.13,0,2.05028571428571,0,1.844,3,1.928,2.016,0,0,2.124,0,0,0,0,1.911,0,0,0,0,0,2.8656,0,0,0,2.16,0,0,0,1.824,0,0,0,0,0,0,0,0,1.812,0,0,3.078,1.8,0,0,0,0,0,0,2.04,0,2.5630940625,0,0,0,0,0,0,0,0,0,0,0,2.30520214285714,0,0,0,0,1.784,0,0,0,0,0,0,2.380032066,2.028,1.90285714285714,0,2.108,0,0,0,0,0,0,0,0,1.844,0,0,0,0,0,0,0,0,2.10310358142857,2.23999507333333,0,0,0,0,0,0,0,0,0,1.9152,0,0,0,0,0,0,0,0,0,0,0,0,0,1.956,0,0,3.536,0,0,0,0,2.1168,2.04,0,0,3.72040766666667,0,0,0,0,0,2.944,2.1024,0,0,1.812,0,0,0,0,0,2.0496,0,0,0,2.511933264,2.95737180566667,2.116,2.072,0,0,0,0,0,0,0,1.836,3.352,0,0,0,0,1.94057142857143,0,1.965,2.02285714285714,0,0,0,0,2.046,0,2.244,1.758,0,0,0,0,0,0,0,0,0,0,0,3.09333333333333,0,0,0,0,0,0,3.608,2.164,1.72,0,0,1.806,1.52,0,0,0,0,0,0,0,0,0,0,1.92,0,0,0,0,0,0,0,1.836,0,0,0,0,1.68,0,2.808,0,2.7994621475,0,1.99542857142857,0,2,0,0,0,0,2.028,0,0,0,0,0,0,0,0,0,0,0,2.124,0,0,2.364,0,2.196,0,2.04685714285714,0,0,0,0,0,1.908,0,0,2.0208,0,1.728,0,3.438,0,0,0,1.848,0,0,0,0,0,2.9251702625,2.1312,0,0,0,0,2.064,0,0,1.959,0,2.168,3.247976998,0,0,0,0,2.472,0,0,0,2.094,0,0,0,0,0,0,0,0,0,0,0,0,3.016861204,0,2.0064,0,0,0,0,0,0,0,0,0,0,0,0,0,1.962,2.02285714285714,0,0,2.292,0,2.04,0,3.08602042,1.924,3.019355902,3.3821910725,0,0,0,0,0,0,2.052,0,2.184,3.020080786,0,0,0,0,0,0,0,0,3.02217217,3.1042794125,0,0,2.692328325,0,3.03781216,0,0,2.156,0,0,0,0,0,0,2.088,0,0,0,0,0,1.908,0,3.12,0,0,0,0,0,2.136,1.896,2.862,0,0,0,2.808,0,0,0,0,0,1.876,0,0,2.1696,0,0,0,0,0,2.12228571428571,0,0,0,0,0,0,0,0,2.016,0,0,0,2.464,0,2.112,0,0,2.0688,0,0,0,0,0,2.13,0,0,1.8144,0,1.944,0,0,2.154,0,0,0,0,0,0,0,0,0,0,0,0,0,0,0,0,0,0,0,0,0,0,1.9780953308,0,0,0,0,0,0,0,0,0,0,0,0,0,0,0,1.986,0,0,0,0,0,0,0,0,0,0,0,0,2.032,0,0,0,0,2.0784,0,0,0,0,2.424,0,0,0,0,1.936,0,0,0,3.41354297,0,0,1.962,0,0,0,0,0,0,0,0,0,0,0,0,0,0,0,0,0,1.95,0,0,2,0,0,0,0,0,0,2.184,0,0,1.758,0,0,0,3.732,1.992,0,0,0,0,0,0,0,0,0,0,0,0,0,1.864,0,0,0,0,0,0,0,0,0,0,0,0,0,2.1504,0,0,0,0.874666666666667,0,0,0,0,0,0,0,0,0,0,1.90285714285714,0,0,0,0,0,0,0,0.96,0,0,0,0,0,0,2.1936,0,0,0,1.872,0,0,0,0,0,0,2.068,0,0,0,0,0,0,0,0,0,0,0,0,0,0,0,1.848,0,0,1.836,0,0,1.728,0,0,0,1.86171428571429,0,0,0,1.891325,0,0,0,0,0,0,1.9488,0,0,0,0,0,0,0,0,0,1.976,0,0,0,0,2.736,2.244,0,1.872,2.088,0,2.112,0,1.92,0,0,0,1.68,0,0,0,1.920794494,0,2.1312,0,0,1.736,1.52,1.696,0,0,3.14700326,1.95771428571429,0,0,0,0,0,0,2.082,0,0,2.16,0,0,0,0,0,1.969212778,2.202,0,2.04,0,0,0,1.972,0,2.848808796,2.37333333333333,0,0,0,3.380003992,2.853733552,0,0,1.896,2.1744,2.008,2.17142857142857,0,0,1.911,0,0,2.112,0,2.21333333333333,0,0,0,0,0,0,0,0,0,0,0,0,0,0,0,0,2.21333333333333,1.9296,1.848,0,0,0,0,0,0,0,0,0,1.83518768766667,0,0,0,0,0,0,0,0,0,0,0,0,0,0,0,0,0,0,0,0,0,0,0,0,2.37333333333333,0,0,0,0,0,0,0,0,2.24,0,0,0,0,2.064,0,0,2.112,0,0,0,0,0,0,0,0,1.512,0,0,0,0,0,0,0,0,0,0,0,0,0,0,0,2.76,0,0,0,0,0,0,0,0,0,0,0,0,0,0,0,1.584,0,0,0,0,0,0,0,0,0,0,0,0,0
"22",0,3.0506883445,0,1.8336,0,0,0,0,0,0,3.210845846,0,0,0,0,2.9958421875,2.19687044285714,0,0,0,3.536,0,2.649251062,2.994,2.104,0,1.83,0,0,0,0,0,2.072,2.024,0,0,0,2.776,0,1.94057142857143,0,0,2.79978493,0,0,0,2.072,2.976,0,2.068,1.9183954338,0,0,0,0,0,0,0,0,1.938,0,0,0,1.9392,1.854,0,1.8768,0,0,0,0,0,0,0,2.16,0,0,0,0,2.808,2.028,0,0,3.085109534,0,2.05028571428571,0,0,0,0,0,1.8912,0,0,0,0,0,0,0,2.028,0,1.8192,0,0,2.034,0,0,0,0,0,0,0,0,0,0,0,1.88,0,0,0,0,0,0,0,0,0,0,2.1216,0,0,0,0,0,0,1.983,0,0,0,0,1.896,0,0,2.1696,0,0,0,0,0,0,0,1.93028571428571,3.277907185,0,0,0,0,0,0,0,0,0,0,3.1163894275,2.004,0,0,0,0,0,0,2.630066446,0,0,0,0,1.9728,0,0,0,0,0,3.20074642,0,0,0,0,2.112,0,0,0,0,0,1.88571428571429,0,0,0,0,0,2.1216,1.90628571428571,0,0,0,0,0,0,0,0,0,0,0,0,0,3.1198484125,0,0,0,2.13,0,2.05028571428571,0,1.844,3,0,0,0,0,2.124,0,0,0,0,1.911,0,0,0,0,0,2.8656,0,0,0,2.16,0,0,0,0,0,0,0,0,0,0,0,0,0,0,0,3.078,0,0,0,0,0,0,0,0,0,0,2.856,0,0,0,0,0,0,0,0,0,0,2.30520214285714,0,0,0,0,0,0,0,0,0,0,0,2.380032066,2.028,1.90285714285714,0,2.108,0,0,0,0,0,0,0,0,1.844,0,0,0,0,0,0,0,0,2.10310358142857,2.23999507333333,0,0,0,0,0,0,0,0,0,0,0,0,0,0,0,0,0,0,0,0,0,0,0,1.956,0,0,3.536,0,0,0,0,0,0,0,0,3.72040766666667,0,0,0,0,0,2.944,2.1024,0,0,1.812,0,0,0,0,0,2.0496,0,0,0,2.511933264,2.95737180566667,2.116,2.072,3.62011393,0,0,0,3.168,0,0,1.836,3.352,3.070652112,0,0,0,1.94057142857143,2.8064,1.965,2.02285714285714,0,0,0,0,2.046,3.0857180675,0,1.758,0,0,0,0,0,0,0.7996088275,0,0,0,0,0,0,0,2.017000754,0,0,0,3.608,2.164,0,0,0,0,1.52,2.76,0,2.584,0,0,0,0,0,2.8223282725,0,0,0,0,0,3.329301055,0,0,0,1.836,0,0,0,0,0,0,2.808,3.13995809733333,2.7994621475,0,1.99542857142857,0,2,0,0,0,0,2.028,0,0,0,4.236,0,0,0,0,0,0,0,2.124,0,0,0,2.6832,2.196,0,2.04685714285714,3.176,0,0,0,0,1.908,0,0,2.0208,2.79598638,0,0,3.438,3.007238315,0,0,1.848,0,0,0,0,0,2.9251702625,2.1312,0,0,0,2.8888456125,2.064,0,0,1.959,0,2.168,3.247976998,0,0,0,0,0,0,0,0,2.094,0,0,0,0,0,0,0,0,0,0,0,0,3.016861204,0,2.0064,0,0,0,0,2.8080183725,0,0,0,0,2.710267325,0,0,0,1.962,2.02285714285714,0,0,2.292,0,2.04,0,3.08602042,1.924,3.019355902,3.3821910725,3.608,0,0,0,0,0,0,0,0,3.020080786,3.184168896,0,0,0,0,0,0,0,3.02217217,3.1042794125,0,0,2.692328325,3.104,3.03781216,0,0,0,0,0,0,2.754,0,0,2.088,0,0,0,0,0,1.908,0,3.12,0,0,0,0,0,2.136,0,2.862,0,0,0,2.808,0,0,0,0,0,0,0,0,0,0,0,0,0,0,2.12228571428571,0,0,0,0,0,0,0,0,2.016,0,0,0,0,0,2.112,0,0,2.0688,0,0,0,0,0,0,0,0,0,0,0,0,0,2.154,0,0,0,0,0,0,0,0,0,0,0,0,0,0,0,0,0,0,0,0,0,0,1.9780953308,0,0,0,0,0,0,0,0,0,0,0,0,0,0,1.88,0,0,0,0,0,0,0,0,0,0,0,0,0,2.032,0,0,0,0,2.0784,0,0,0,0,0,0,0,0,0,0,0,0,0,3.41354297,0,0,0,0,0,0,0,0,0,0,0,0,0,0,0,0,0,0,0,0,0,0,0,2,0,0,0,0,0,0,2.184,0,2.8,0,0,0,0,3.732,0,0,0,0,0,0,0,0,0,0,0,0,0,4.308,1.864,0,0,0,0,0,0,0,0,0,0,0,0,0,2.1504,0,0,0,0.874666666666667,0,0,0,0,0,0,0,0,0,0,1.90285714285714,0,0,0,0,0,0,0,0.96,0,0,0,0,0,0,0,0,0,0,1.872,0,0,0,0,0,0,2.068,0,0,0,0,0,0,0,0,0,0,0,0,0,0,0,1.848,0,0,0,0,0,1.728,0,0,0,1.86171428571429,0,0,0,0,0,0,0,0,0,0,1.9488,0,0,0,0,0,0,0,0,0,1.976,0,0,2.855412636,0,2.736,2.244,0,1.872,0,0,2.112,0,1.92,0,0,0,1.68,0,0,0,0,2.52815023,2.1312,0,0,0,0,1.696,0,0,3.14700326,1.95771428571429,0,0,0,0,0,0,0,0,4.0986708335,2.16,0,0,0,0,0,0,0,0,0,0,0,0,1.972,0,2.848808796,0,0,0,1.68,3.380003992,2.853733552,0,0,1.896,2.1744,2.008,2.17142857142857,0,0,1.911,1.33333333333333,0,2.112,0,2.21333333333333,0,0,0,0,0,0,0,0,0,0,0,0,0,0,0,0,2.21333333333333,1.9296,1.848,0,0,0,0,0,0,0,0,0,0,0,0,0,0,0,0,0,0,0,0,0,0,0,0,0,0,0,0,0,0,0,0,0,0,2.37333333333333,0,0,0,0,0,0,0,0,0,0,0,0,0,2.064,0,0,2.112,0,0,0,0,0,0,0,0,0,0,0,0,0,0,0,0,0,0,0,0,0,0,0,0,0,0,0,0,0,0,0,0,0,0,0,0,0,0,0,0,0,0,0,0,0,0,0,0,0,0,0,0,0,0
"23",0,0,0,1.8336,0,0,0,0,0,0,3.210845846,0,3.39314893333333,0,0,2.9958421875,0,0,0,0,3.536,0,2.649251062,2.994,2.104,0,1.83,0,0,0,0,0,2.072,2.024,0,0,0,2.776,0,0,0,0,2.79978493,0,0,0,0,2.976,0,2.068,1.9183954338,0,0,0,0,0,0,0,0,1.938,0,0,0,0,0,0,1.8768,0,0,0,0,0,0,0,2.16,0,0,0,0,2.808,0,0,0,3.085109534,0,2.05028571428571,0,0,0,0,0,1.8912,0,0,0,0,0,0,0,0,0,1.8192,0,0,2.034,0,0,0,0,0,0,0,0,0,0,0,0,0,0,0,0,0,0,0,0,0,0,0,0,0,0,0,0,0,1.983,0,0,0,0,1.896,0,0,2.1696,0,0,0,0,0,0,0,0,3.277907185,0,0,0,0,0,0,0,0,0,0,3.1163894275,2.004,0,0,0,0,0,0,2.630066446,0,0,0,0,1.9728,0,0,0,0,0,3.20074642,0,3.392647304,0,0,0,0,0,0,0,0,1.88571428571429,0,0,0,0,0,2.1216,0,0,0,0,0,0,0,0,0,0,0,0,0,0,3.1198484125,0,0,0,0,0,2.05028571428571,0,1.844,3,0,0,0,0,0,0,0,0,0,1.911,0,0,0,0,0,2.8656,0,0,0,0,0,0,0,0,0,0,0,0,0,0,0,0,0,0,0,3.078,0,0,0,0,0,0,0,0,0,0,0,0,0,0,0,0,0,0,0,0,0,2.30520214285714,0,0,0,0,0,0,0,0,0,0,0,0,2.028,0,0,2.108,0,0,0,0,0,0,0,0,1.844,0,0,0,0,0,0,0,0,2.10310358142857,2.23999507333333,0,0,0,0,0,0,0,0,0,0,0,0,0,0,0,0,0,0,0,0,0,0,0,1.956,0,0,0,0,0,0,0,0,0,0,0,3.72040766666667,0,0,0,0,0,2.944,2.1024,0,0,1.812,0,0,0,0,0,2.0496,0,0,0,2.511933264,2.95737180566667,2.116,2.072,3.62011393,0,0,0,3.168,0,0,1.836,3.352,3.070652112,0,0,0,1.94057142857143,2.8064,1.965,2.02285714285714,0,0,0,0,0,3.0857180675,0,1.758,0,0,0,0,3.1412228,0,0.7996088275,0,0,0,0,0,0,0,2.017000754,0,0,0,3.608,2.164,0,0,0,0,0,2.76,0,2.584,0,0,0,2.304,0,2.8223282725,0,0,0,0,0,3.329301055,0,0,0,1.836,0,0,0,0,0,0,2.808,3.13995809733333,2.7994621475,0,1.99542857142857,0,2,0,0,0,0,2.028,0,0,0,4.236,0,0,0,0,0,0,0,2.124,0,0,0,2.6832,2.196,2.7268459125,2.04685714285714,3.176,0,0,0,0,0,0,0,2.0208,2.79598638,0,0,3.438,3.007238315,0,0,1.848,0,0,0,0,0,2.9251702625,2.1312,3.004472776,0,0,2.8888456125,2.064,0,0,1.959,0,0,3.247976998,0,0,0,0,0,0,0,0,2.094,0,0,0,0,0,0,0,1.1667995835,0,0,0,0,3.016861204,0,2.0064,0,0,0,0,2.8080183725,0,0,0,0,2.710267325,0,0,0,0,2.02285714285714,0,0,0,0,0,0,3.08602042,1.924,3.019355902,3.3821910725,3.608,0,0,0,0,0,0,0,0,3.020080786,3.184168896,2.862928365,0,0,0,0,0,0,3.02217217,3.1042794125,0,0,2.692328325,3.104,3.03781216,0,0,0,0,0,0,2.754,0,0,2.088,0,0,0,0,0,1.908,0,3.12,0,0,0,0,0,2.136,0,2.862,0,0,0,2.808,0,0,0,0,0,0,0,0,0,0,0,0,0,0,2.12228571428571,0,0,0,0,0,0,0,0,0,0,0,0,0,0,0,0,0,2.0688,0,0,0,0,0,0,0,0,0,0,0,0,0,0,0,0,0,0,0,0,0,0,0,0,0,0,0,0,0,0,0,0,0,0,0,0,1.9780953308,0,0,0,0,0,0,0,0,0,0,0,0,0,0,1.88,0,0,0,0,0,0,0,0,0,0,0,0,0,0,0,0,0,0,2.0784,0,0,0,0,0,0,0,0,0,0,0,0,0,3.41354297,0,0,0,0,0,0,0,0,0,0,0,0,0,0,0,0,0,0,0,0,0,0,0,2,0,0,0,0,0,0,0,0,2.8,0,0,0,0,3.732,0,0,0,0,0,0,0,0,0,0,0,0,0,4.308,1.864,0,0,0,0,3.712,0,0,0,0,0,0,0,0,2.1504,0,0,0,0.874666666666667,0,0,0,0,0,0,0,0,0,0,0,0,0,0,0,0,0,0,0.96,0,0,0,0,0,0,0,0,0,0,1.872,0,0,0,0,0,0,0,0,0,0,0,0,0,3.006,0,0,0,0,0,0,0,0,1.848,0,0,0,0,0,1.728,0,0,0,1.86171428571429,0,0,0,0,1.981513029,0,0,0,0,0,1.9488,0,1.392,0,0,0,0,0,0,0,0,0,0,2.855412636,0,2.736,2.244,0,1.872,0,0,2.112,0,0,0,0,0,1.68,0,0,0,0,2.52815023,2.1312,0,0,0,0,0,0,0,3.14700326,1.95771428571429,0,0,0,0,0,0,0,0,4.0986708335,0,0,0,0,0,0,0,0,0,0,0,0,0,1.972,0,2.848808796,0,0,0,1.68,3.380003992,2.853733552,0,0,1.896,2.1744,2.008,2.17142857142857,0,0,1.911,1.33333333333333,0,2.112,0,2.21333333333333,0,0,0,0,0,0,0,0,0,0,0,0,0,0,0,0,0,0,1.848,0,0,0,0,0,0,0,0,0,0,0,0,0,0,0,0,0,0,0,0,0,0,0,0,0,0,0,0,0,0,0,0,0,0,2.37333333333333,0,0,0,0,0,0,0,0,0,0,0,0,0,0,0,0,2.112,0,0,0,0,0,0,0,0,0,0,0,0,0,0,0,0,0,0,0,0,0,0,0,0,0,0,0,0,0,0,0,0,0,0,0,0,0,0,0,0,0,0,0,0,0,0,0,0,0,0,0,0,0,0
"24",0,0,0,1.8336,0,0,0,0,0,0,3.210845846,0,3.39314893333333,0,0,0,0,0,0,0,0,0,2.649251062,0,2.104,0,0,0,0,0,0,0,2.072,2.024,0,3.223097872,0,2.776,0,0,2.136,0,2.79978493,0,0,0,0,0,0,2.068,0,0,0,0,0,0,0,0,0,1.938,0,0,0,0,0,0,0,0,0,0,0,0,0,0,0,0,0,0,0,2.808,0,0,0,0,0,2.05028571428571,0,0,0,0,0,0,0,0,0,0,4.393799307,0,0,0,0,0,0,0,0,0,0,0,0,0,0,0,0,0,0,0,0,0,0,0,0,0,0,0,0,0,0,0,0,0,0,0,0,0,1.983,0,0,0,0,1.896,0,0,0,0,0,0,0,0,0,0,0,3.277907185,0,0,0,0,0,0,0,0,0,0,3.1163894275,2.004,0,0,0,0,0,0,2.630066446,0,0,0,0,0,0,0,0,0,0,3.20074642,0,3.392647304,0,0,0,0,0,0,0,0,1.88571428571429,0,0,0,0,0,0,0,0,0,0,0,0,0,0,0,0,0,0,0,0,3.1198484125,0,0,0,0,0,2.05028571428571,0,1.844,0,0,0,0,0,0,0,0,0,0,1.911,0,0,0,0,0,2.8656,0,0,0,0,0,3.1830112325,0,0,0,0,0,0,0,0,0,0,0,0,0,0,0,0,0,0,0,0,0,0,0,0,0,0,0,0,0,0,0,0,0,0,0,2.30520214285714,0,0,0,0,0,0,0,0,0,0,0,0,0,0,0,2.108,0,0,0,0,0,0,0,0,1.844,0,0,0,0,0,0,0,0,2.10310358142857,0,0,0,0,0,0,0,0,0,0,0,0,0,0,0,0,0,0,0,0,0,0,0,0,0,0,0,0,0,0,0,0,0,0,0,0,0,0,0,0,0,0,0,2.1024,0,0,0,0,0,0,0,0,2.0496,1.887342241,0,0,2.511933264,0,2.116,0,3.62011393,0,0,0,3.168,0,0,0,0,3.070652112,0,0,0,1.94057142857143,2.8064,1.965,2.02285714285714,0,0,0,0,0,3.0857180675,0,1.758,4.217070219,0,0,0,3.1412228,3.096,0,3.26794747,0,0,0,0,0,0,0,2.696,0,0,0,2.164,0,2.472,0,0,0,2.76,3.6702518465,2.584,1.248,0,0,2.304,0,2.8223282725,0,0,2.887993752,2.576,0,3.329301055,0,0,1.26,0,0,0,2.184,0,0,0,2.808,3.13995809733333,2.7994621475,0,1.99542857142857,0,2,0,1.7872148465,0,0,0,0,0,0,0,0,0,0,0,0,0,0,0,0,0,0,2.6832,0,2.7268459125,2.04685714285714,3.176,0,0,0,0,0,0,0,2.0208,2.79598638,0,3.58434370333333,3.438,3.007238315,0,0,1.848,0,0,0,0,0,2.9251702625,2.1312,3.004472776,0,0,2.8888456125,2.064,0,0,1.959,2.52,0,3.247976998,0,2.793697274,0,0,0,3.781825638,0,0,2.094,0,0,0,0,3.01480074,3.22983514,0,1.1667995835,0,0,0,0,3.016861204,0,2.0064,3.0274927625,0,0,0,2.8080183725,0,0,0,0,2.710267325,0,2.3317383835,0,0,0,0,3.57559703666667,0,3.84191906333333,0,0,3.08602042,0,3.019355902,3.3821910725,3.608,0,3.44987161333333,0,0,0,0,0,0,3.020080786,3.184168896,2.862928365,3.67205078333333,2.816,0,4.02,0,0,3.02217217,3.1042794125,0,3.37932471666667,2.692328325,3.104,3.03781216,0,3.37989164333333,0,0,0,0,2.754,0,0,2.088,2.895633472,0,0,0,0,1.908,0,0,0,0,0,3.48019820333333,0,2.136,0,2.862,2.616,0,0,0,3.388083482,0,0,0,3.6847035825,0,0,0,0,0,0,2.646129294,0,0,0,0,0,0,2.581484232,0,0,0,0,0,0,0,0,0,0,0,0,0,0,0,0,0,0,0,0,0,0,0,0,0,0,0,0,0,0,0,0,0,0,0,0,0,0,0,0,0,0,0,0,0,0,0,0,0,0,0,0,0,0,0,0,0,0,0,0,0,0,0,0,0,1.88,0,0,0,0,0,0,0,0,0,0,0,0,0,0,0,0,0,0,2.0784,0,0,0,0,0,4.572589976,0,0,0,0,0,0,0,0,0,0,0,0,0,0,0,0,0,0,0,0,0,0,0,0,0,0,0,0,0,0,0,0,2.9795276495,0,0,0,0,0,0,4.422304013,2.8,0,0,0,2.752,0,0,3.111476563,0,0,0,0,0,3.029427536,0,0,2.713240504,0,0,0,1.864,2.6551215895,0,0,3.097007559,3.712,0,2.209042932,3.362345638,0,0,0,0,0,2.1504,3.784444527,0,0,0.874666666666667,2.736286845,0,2.547977126,3.888,0,3.2407194555,0,0,0,0,0,0,0,3.425773197,0,0,3.425078035,0,0.96,0,0,0,2.710814844,0,0,0,3.136872745,0,0,1.872,0,0,0,0,0,0,0,0,0,0,0,0,0,3.006,0,0,2.215534128,0,0,0,0,0,0,0,0,0,0,0,1.728,0,0,0,1.86171428571429,0,0,0,0,0,0,0,0,0,0,1.9488,0,0,3.1334558575,0,0,0,0,0,0,0,0,0,2.855412636,0,2.736,0,0,1.872,0,0,0,0,0,0,0,0,1.68,3.1283530275,0,0,0,2.52815023,2.1312,0,0,0,0,0,0,0,3.14700326,1.95771428571429,0,0,0,0,0,0,0,0,0,0,0,0,0,0,0,0,0,0,0,3.029781814,0,0,1.972,0,2.848808796,0,0,0,0,3.380003992,2.853733552,0,0,1.896,2.1744,2.008,0,0,0,1.911,1.33333333333333,0,0,0,0,2.53982449,2.8755518875,3.085441395,0,2.89554025,3.0299550375,3.5685288445,2.186106849,2.754055418,3.35838262666667,3.60284687666667,3.3080927475,3.46861926,3.12,2.92,2.7764484825,0,0,1.848,3.05091993,0,0,2.84,2.72606482,3.384,3.0208288175,3.94546133333333,3.39852773,0,4.673439751,2.8,0,3.04,0,3.75935559,4.104,2.953679705,3.08,2.9062801375,2.784,3.2480457825,3.2210827975,3.22224836,3.18957293,3.55069984333333,3.016,3.66100786666667,3.407436285,2.96,3.0819824425,2.582349489,3.2687995325,3.3550769625,2.37333333333333,3.4446984525,4.07285169666667,2.977374585,3.42704208,0,2.736,2.6940018225,0,0,3.0990164725,3.0348205725,2.7372107725,3.3866431,0,3.37372244666667,3.284905795,2.112,3.1991595595,0,2.7627130425,0,0,2.848,1.290209821,3.744,0,3.335323792,0,3.21659933,2.672,0,3.5254195795,2.664,3.475535726,3.152,0,3.193337977,3.184,0,3.83897669333333,2.654380895,0,2.76,3.016,3.55508455,3.144,0,2.928,2.776,0,3.548386063,0,2.928,2.568,3.05912716,0,2.816,0,1.556191412,0,3.610959861,3.888,0,3.93936960666667,3.5022106975,0,3.136,2.792,3.43819818,3.5942261345,2.168103017
